编号,Condition,ID,IP,答题时长,"1、同意书你被邀请参加一项关于影响者和体型的研究。这项研究的目的是调查身体尺寸如何影响营销效果。这项研究由刘歆怡负责.参加这项研究是自愿的。如果你同意参加这项研究，你会接受约30个问题的采访。参与这项研究可能不会直接使你受益，但它将帮助我们进行研究。你可能会发现回答一些令人不安的问题，但我们希望这与你与家人或朋友讨论的事情没有什么不同。你可以跳过任何你不想回答的问题，随时结束面试。如果你参与这项研究，你将与我们分享的信息将完全保密，在法律的最大范围内。调查员注意: 对于在线调查，必须特别注意如何保护参与者的数据。这需要熟悉: 正在使用的调查软件、正在收集的信息类型(IP 地址、电子邮件地址)、调查软件提供的关于要收集哪些信息的选项、信息存储的方式以及如何识别资料会与调查数据等分开连结。在这一部分，请包括哪些信息将被收集，如电子邮件或 IP 地址你的信息将会被分配一个独一无二的编号。当研究完成和数据已经分析过了，将参与者的名字与研究号码联系起来的名单将被销毁。研究结果将只以摘要形式提出。当调查人员如果你的个人资料会保密，当你透过互联网传送资料时，会有一些资料被泄漏的风险，而这些风险是调查人员无法控制的。If you have any questions about this study, please contact [刘歆怡，xliu828@wisc.edu, 15705185671].点击下一题即代表你同意参加这项研究。",3、KOI/网红定义：主要是指在社交网络平台上面拥有较大关注量、较大影响力的人，可以对他人的行为产生影响。这些人往往在自己擅长的领域内有名气，他们的一言一行能对粉丝产生很强的引导和影响力,4、调查数据的质量非常重要，并希望得到您最准确的意见。所以对我们来说，你是否在调查中的每个问题里仔细地提供您的最佳答案很重要。你是否承诺为调查中的问题提供你深思熟虑和诚实的答案？,Gender,6、年龄,7、以下哪个选项能最好的形容您？,income,confidence1,10、你曾经或可能在将来因KOI/网红的推荐而考虑购买某件产品吗？,11、接下来你将看到一系列KOI/网红的照片，点击下一题继续,12、1,14、喜爱度（这个人是友好的。）,14、喜爱度（这个人是可亲近的）,14、喜爱度（我愿意和这个人一起工作。）,14、喜爱度（我愿意和这个人一起合租。）,14、喜爱度（我愿意和这个人成为朋友。）,14、喜爱度（我会向这个人寻求意见。）,15、购买意愿1（下次逛街时如果我看到了她推荐品牌的衣服/鞋，我会购买）,15、购买意愿1（我会特地去寻找并购买她穿的品牌的衣服/鞋）,16、购买意愿2（你买她穿戴牌子的衣服/鞋的可能性是……？）,16、购买意愿2（你想要购买她穿戴的衣服/鞋的意愿是……？）,16、购买意愿3（你向朋友或家人推荐她穿戴牌子的衣服/鞋的可能性有多大？）,17、2,18、喜爱度（这个人是友好的。）,18、喜爱度（这个人是可亲近的。）,18、喜爱度（我愿意和这个人一起工作。）,18、喜爱度（我愿意和这个人一起合租。）,18、喜爱度（我愿意和这个人成为朋友。）,18、喜爱度（我会向这个人寻求意见。）,19、购买意愿1（下次逛街时如果我看到了她推荐品牌的衣服/鞋，我会购买）,19、购买意愿1（我会特地去寻找并购买她穿的品牌的衣服/鞋）,20、购买意愿2（你买她穿戴牌子的衣服/鞋的可能性是……？）,20、购买意愿2（你想要购买她穿戴的衣服/鞋的意愿是……？）,20、购买意愿3（你向朋友或家人推荐她穿戴牌子的衣服/鞋的可能性有多大？）,21、3,22、好感度（这个人是友好的。）,22、好感度（这个人是可亲近的。）,22、好感度（我愿意和这个人一起工作。）,22、好感度（我愿意和这个人一起合租。）,22、好感度（我愿意和这个人成为朋友。）,22、好感度（我会向这个人寻求意见。）,23、购买意愿1（下次逛街时如果我看到了她推荐品牌的衣服/鞋，我会购买）,23、购买意愿1（我会特地去寻找并购买她穿的品牌的衣服/鞋）,24、购买意愿2（你买她穿戴牌子的衣服/鞋的可能性是……？）,24、购买意愿2（你想要购买她穿戴的衣服/鞋的意愿是……？）,24、购买意愿3（你向朋友或家人推荐她穿戴牌子的衣服/鞋的可能性有多大？）,29、4,30、喜爱度（这个人是友好的。）,30、喜爱度（这个人是可亲近的。）,30、喜爱度（我愿意和这个人一起工作。）,30、喜爱度（我愿意和这个人一起合租。）,30、喜爱度（我愿意和这个人成为朋友。）,30、喜爱度（我会向这个人寻求意见。）,31、购买意愿1（下次逛街时如果我看到了他推荐品牌的衣服/鞋，我会购买）,31、购买意愿1（我会特地去寻找并购买他穿的品牌的衣服/鞋）,32、购买意愿2（你买他穿戴牌子的衣服/鞋的可能性是……？）,32、购买意愿2（你想要购买他穿戴的衣服/鞋的意愿是……？）,32、购买意愿3（你向朋友或家人推荐他穿戴牌子的衣服/鞋的可能性有多大？）,Recognition,confidence2,78、test
1,Average,,111.194.45.25,66秒,,,1,男/male,3,2,3,3,2,,,3,4,3,3,5,3,2,5,4,1,3,,4,4,1,3,2,2,4,3,4,4,2,,3,4,1,5,5,5,3,2,3,3,2,,2,2,5,1,4,4,3,2,5,3,3,4,3,
2,Average,,111.194.45.25,58秒,,,1,男/male,3,2,3,2,2,,,4,1,1,4,4,3,4,4,4,5,1,,4,2,2,3,3,1,5,2,5,3,1,,4,2,2,4,3,4,4,1,3,4,1,,4,3,4,5,4,5,3,2,4,2,2,4,3,2
3,Average,BMOCVE6N,202.126.88.49,243秒,,,1,女/female,3,1,5,2,1,,,3,1,2,2,1,2,2,1,2,1,1,,4,4,4,5,4,5,4,3,4,3,5,,1,2,2,2,1,2,1,1,1,2,2,,2,1,2,1,1,2,2,2,1,1,2,1,2,2
4,Average,gKAbQ9yZ,117.132.191.219,79秒,,,1,女/female,4,2,3,2,1,,,3,3,4,4,3,3,3,3,2,2,4,,3,3,4,5,3,4,3,2,4,3,4,,4,4,4,4,4,2,3,3,3,2,4,,2,3,5,5,4,3,3,4,4,4,4,4,3,1
5,Average,x5nwXHCE,111.61.174.42,363秒,,,1,女/female,3,1,3,2,,,,4,2,1,4,3,2,4,2,2,1,4,,2,1,5,2,1,4,3,1,2,1,3,,2,1,5,2,1,3,1,1,3,2,2,,0,0,0,0,0,0,3,2,2,1,5,2,1,1
6,Average,JiFDVgkt,183.193.125.181,114秒,,,1,女/female,2,1,4,1,1,,,2,1,2,1,1,2,2,1,2,1,1,,2,1,2,2,3,1,2,1,2,1,1,,2,2,1,2,1,2,2,1,2,2,1,,2,1,3,3,3,3,3,2,3,2,3,2,2,2
7,Average,RNCuZcb8,101.87.122.120,239秒,,,1,男/male,3,2,3,3,1,,,4,4,4,4,3,2,4,4,3,2,3,,3,4,4,3,3,3,4,4,3,3,4,,4,4,3,2,3,4,3,3,3,3,3,,3,3,4,4,5,3,2,3,3,3,3,4,2,2
8,Average,vc2VyuOF,183.193.125.181,249秒,,,1,女/female,2,1,4,1,1,,,3,2,2,2,2,2,2,2,2,1,1,,3,2,2,2,2,2,2,1,3,1,2,,2,2,1,2,2,2,2,1,2,2,1,,4,4,4,3,3,3,3,3,4,3,3,2,2,1
9,Average,9ArOzfVV,183.193.125.181,108秒,,,1,女/female,2,1,5,2,1,,,2,1,3,3,2,2,2,1,2,1,2,,2,1,2,1,1,2,2,2,2,1,2,,2,1,1,1,1,2,2,1,2,2,1,,4,5,4,3,4,3,3,4,4,4,3,4,4,1
10,Average,BbZgJLtX,118.80.224.171,267秒,,,1,女/female,3,1,5,1,1,,,1,2,3,1,2,1,1,2,1,3,1,,1,2,3,1,2,1,1,2,1,3,1,,1,2,3,1,2,1,1,2,3,1,2,,4,3,4,5,4,5,4,5,3,4,5,1,1,1
11,Average,LJMiftSU,117.136.47.100,238秒,,,1,女/female,2,1,2,1,1,,,2,2,3,3,4,3,3,3,4,3,3,,4,4,3,4,5,4,3,4,4,4,3,,2,2,3,2,3,2,3,2,2,2,3,,3,4,3,4,4,3,4,3,4,4,3,4,1,1
12,Average,EUTnhiXT,120.219.73.80,112秒,,,1,女/female,3,1,3,2,1,,,2,3,4,3,4,1,2,2,3,2,1,,5,3,5,4,4,3,2,3,3,4,4,,4,3,2,1,3,2,3,2,2,2,2,,2,2,3,4,2,3,1,2,2,3,3,2,2,1
13,Average,SxJuNTw3,183.193.125.181,255秒,,,1,男/male,2,1,4,2,1,,,1,1,2,1,3,1,2,1,2,1,2,,1,1,2,2,1,2,2,1,3,1,1,,2,2,1,2,1,2,2,1,1,2,2,,4,4,4,5,3,4,4,4,4,3,5,2,2,1
14,Average,BshjzPRz,117.136.45.137,277秒,,,1,女/female,2,1,1,2,1,,,3,3,3,2,2,3,2,3,3,2,2,,2,2,3,3,3,2,2,2,2,3,2,,3,3,3,3,2,2,2,2,2,2,3,,2,2,2,3,3,2,2,3,2,3,2,4,2,1
15,Average,bAlknOad,223.104.187.83,151秒,,,1,女/female,2,1,2,3,1,,,3,4,4,3,3,2,2,3,2,3,2,,3,2,1,2,3,3,2,3,2,1,3,,5,4,5,4,3,5,4,5,4,3,4,,2,3,3,4,4,3,3,2,2,3,3,2,3,1
16,Average,LNk264WQ,140.243.209.25,357秒,,,1,男/male,3,1,5,2,1,,,2,2,3,3,2,2,3,2,4,4,3,,2,2,3,3,3,3,4,4,5,5,4,,3,2,3,4,3,4,5,5,5,5,3,,2,1,2,1,2,1,3,1,2,3,2,2,3,2
17,Average,2goC2Bei,42.226.254.159,206秒,,,1,女/female,3,1,1,3,1,,,4,3,4,4,4,3,2,4,0,0,0,,3,2,2,4,2,3,2,3,2,2,3,,4,5,5,4,4,5,4,5,3,3,3,,3,4,2,3,2,1,2,4,3,2,3,2,3,1
18,Average,FfC6rUhw,101.31.9.99,229秒,,,1,女/female,6,1,2,3,2,,,4,4,2,5,3,3,3,4,3,2,2,,3,4,2,3,3,3,1,1,3,3,3,,3,3,4,3,3,4,2,4,4,5,1,,4,4,2,5,3,2,3,4,3,2,5,3,3,1
19,Average,uEFomNEk,111.58.28.1,76秒,,,1,女/female,3,2,3,3,1,,,3,4,3,4,3,2,2,2,3,4,3,,3,3,3,3,4,3,3,2,4,1,1,,3,1,3,4,3,3,3,4,4,2,4,,3,1,3,2,4,3,4,1,4,1,4,3,2,1
20,Average,orK9CZVW,111.58.28.1,234秒,,,1,女/female,2,1,3,2,1,,,4,3,3,3,4,4,3,3,3,2,2,,5,4,5,3,3,3,3,2,2,4,2,,3,2,3,3,1,2,3,4,3,2,3,,2,3,4,5,2,2,3,4,4,3,3,2,2,1
21,Average,F05TOjh5,218.12.14.21,219秒,,,1,男/male,3,1,3,2,1,,,2,3,3,2,1,1,3,2,2,1,2,,4,3,3,4,4,4,3,2,4,5,3,,3,4,3,4,4,3,2,2,4,2,2,,4,4,3,4,2,2,4,2,3,3,2,2,2,2
22,Average,lEhJsvMh,183.202.24.182,81秒,,,1,女/female,3,1,3,1,2,,,1,3,5,4,2,4,2,3,1,2,4,,1,4,5,4,2,3,2,4,2,4,3,,1,4,3,2,5,3,2,4,1,3,5,,1,4,5,2,4,3,2,4,2,4,4,2,2,3
23,Average,C32atmPN,42.94.55.164,187秒,,,1,男/male,3,1,3,2,1,,,2,1,3,1,2,2,2,2,3,2,1,,4,5,4,4,3,4,3,4,3,3,3,,3,2,4,2,4,3,3,4,3,4,3,,2,4,2,4,3,1,2,2,3,4,2,2,2,2
24,Average,Pte4LZg1,27.18.212.61,333秒,,,1,女/female,2,1,1,4,1,,,2,3,3,2,2,2,3,4,4,3,2,,2,3,2,2,3,4,3,3,2,3,2,,2,2,3,2,3,3,2,2,2,2,1,,4,3,4,4,3,4,4,4,4,4,3,4,3,2
25,Average,oiJ34h7y,140.243.164.84,65秒,,,1,男/male,3,2,6,1,1,,,5,1,3,2,3,3,3,2,3,3,3,,3,4,3,4,2,3,3,2,4,4,3,,4,3,3,4,4,4,5,3,4,3,4,,5,3,2,4,3,2,4,3,5,4,2,3,4,3
26,Average,fEhuDsXJ,140.243.164.84,64秒,,,1,女/female,4,3,3,4,2,,,0,0,0,0,0,0,4,3,5,3,1,,2,3,4,4,4,2,3,4,5,3,2,,3,3,5,3,3,4,4,3,4,2,2,,3,3,4,3,3,4,3,2,4,3,1,4,4,2
27,Average,VaPT49PH,182.118.234.140,91秒,,,1,男/male,4,1,3,2,1,,,3,2,4,3,2,2,2,4,3,3,5,,5,3,3,4,5,5,3,1,3,4,2,,3,4,2,5,3,3,3,1,3,3,1,,2,5,3,4,3,5,3,3,5,4,1,3,2,1
28,Average,x271Dj9r,115.45.47.244,322秒,,,1,女/female,2,1,3,3,1,,,2,3,2,4,2,3,3,4,2,3,4,,3,4,5,4,3,4,3,5,3,2,2,,2,3,1,2,2,3,4,3,4,3,4,,2,3,3,2,1,4,3,4,4,2,3,1,3,2
29,Average,KfrpLg5N,39.148.32.33,272秒,,,1,女/female,3,1,1,2,2,,,3,2,4,5,2,2,5,4,4,3,3,,2,4,2,3,4,3,3,2,3,4,2,,5,5,4,4,4,3,4,2,3,3,3,,2,3,4,4,5,3,2,3,4,4,2,2,3,1
30,Average,e08cCZKQ,106.8.163.167,215秒,,,1,女/female,2,1,1,2,1,,,3,2,3,5,3,3,3,4,2,3,4,,3,2,2,4,3,3,4,3,3,2,4,,4,4,3,4,3,3,4,4,3,4,4,,2,2,2,4,2,2,2,3,2,2,3,2,3,2
31,Average,6b8d328906b6703d,117.136.4.97,110秒,,,1,女/female,3,1,4,1,1,,,2,4,3,3,5,4,1,3,2,4,4,,1,3,2,5,4,1,1,4,2,2,3,,2,4,4,5,4,1,2,2,2,3,1,,1,5,2,3,4,2,2,2,3,5,4,2,4,2
32,Average,e84300ac50df5f2d,106.8.163.167,93秒,,,1,女/female,3,1,3,2,1,,,2,3,4,4,4,2,2,2,3,3,2,,3,2,3,4,3,3,2,3,3,3,2,,2,3,4,3,3,3,3,3,3,3,2,,2,3,3,3,4,3,3,2,4,3,3,3,3,1
33,Average,5513663ef8deeb88,117.136.62.59,228秒,,,1,女/female,2,1,2,3,1,,,2,2,4,5,3,3,4,4,3,4,2,,2,3,3,4,3,4,4,3,3,2,2,,2,2,2,4,3,4,4,4,3,2,3,,2,3,2,5,2,3,3,4,3,2,2,2,3,2
34,Average,4419d0bafc859f9e,112.224.65.56,103秒,,,1,女/female,3,1,3,3,1,,,2,3,2,2,2,3,2,2,2,2,2,,3,2,2,3,3,3,2,2,3,2,2,,2,2,2,2,2,2,2,2,3,3,2,,2,2,2,2,2,2,3,4,3,3,4,2,2,1
35,Average,3f1ea332f4d28fa3,223.88.158.106,202秒,,,1,女/female,3,1,4,2,1,,,5,4,5,5,4,4,4,5,4,3,5,,4,5,4,5,5,4,4,5,4,5,4,,1,2,1,2,1,1,1,2,1,2,1,,5,5,5,4,4,5,4,5,4,4,5,2,1,3
36,Average,3197ecd19dfa0f68,110.180.13.132,176秒,,,1,女/female,3,1,3,2,1,,,2,2,2,2,3,2,2,2,2,2,1,,3,3,3,4,3,4,3,3,2,4,3,,4,4,4,3,3,3,2,2,2,3,2,,2,2,3,2,2,1,2,2,2,1,1,2,1,3
37,Average,c0f910c2f44c6df3,14.25.35.169,257秒,,,1,男/male,4,1,3,4,1,,,5,4,5,5,4,3,5,4,5,3,4,,5,4,5,4,5,3,5,3,5,4,3,,5,4,5,4,5,2,5,4,4,4,5,,2,1,2,3,2,2,2,1,2,2,1,1,4,3
38,Average,a8602d3fefb6a4a8,124.166.247.7,176秒,,,1,男/male,3,1,3,2,1,,,3,3,2,3,3,3,2,2,2,2,2,,3,3,4,4,4,4,4,4,4,4,4,,3,3,2,2,2,3,2,2,2,2,2,,3,4,4,4,2,4,2,3,2,2,3,2,2,2
39,Average,c90e37fc29f2dcb1,223.104.39.11,447秒,,,1,女/female,2,1,2,3,1,,,2,3,2,3,2,2,2,2,3,2,2,,4,4,3,4,3,4,4,4,5,5,4,,4,4,5,5,4,5,4,4,4,4,3,,3,4,3,4,3,3,4,4,3,3,2,4,3,2
40,Average,f80eb899782da870,223.104.148.239,433秒,,,1,男/male,2,1,3,3,1,,,2,2,1,2,2,1,2,2,2,2,1,,2,2,2,2,1,1,2,1,2,1,2,,3,3,3,3,3,3,3,3,3,3,3,,2,2,1,1,2,2,2,2,2,1,1,1,2,1
41,Average,5174aff17bfb7478,110.180.13.132,233秒,,,1,女/female,2,1,4,2,1,,,2,2,2,3,2,2,2,2,2,2,3,,2,2,3,3,2,2,3,2,2,3,3,,2,1,2,2,2,3,2,2,2,1,2,,2,2,2,1,2,2,2,2,2,2,3,1,1,3
42,Average,09223ea7c7ffaebb,110.180.13.132,378秒,,,1,男/male,3,1,4,2,1,,,2,3,2,2,2,2,2,2,2,2,2,,2,2,2,2,3,2,2,3,2,2,3,,3,3,2,3,3,3,3,3,4,4,4,,2,2,2,1,2,2,2,2,2,2,1,1,3,3
43,Average,2773341a35cae73d,112.231.54.17,302秒,,,1,女/female,2,1,2,2,1,,,3,3,2,3,3,2,2,2,3,2,2,,2,2,3,2,2,3,2,2,2,2,3,,3,3,2,3,3,2,2,2,2,2,3,,2,2,3,3,2,2,2,2,2,2,3,2,2,2
44,Average,b6ea096be6b6fe82,111.36.170.55,267秒,,,1,男/male,4,1,5,1,1,,,1,2,3,1,2,3,1,2,2,1,2,,1,2,3,1,2,3,1,2,1,2,1,,3,4,3,4,5,3,4,3,4,5,4,,1,2,1,3,1,2,1,2,1,2,3,2,1,1
45,Average,faecbda1fbd47e7e,183.193.125.181,260秒,,,1,男/male,3,1,4,2,1,,,2,2,2,1,2,1,2,2,1,2,2,,1,2,2,2,2,2,2,1,2,1,1,,1,1,2,2,2,2,2,1,2,2,2,,3,3,3,4,3,3,3,3,4,4,3,2,1,1
46,Average,8a55bc01ef33ce05,223.104.34.85,326秒,,,1,男/male,3,1,4,2,1,,,1,1,2,2,1,1,2,1,1,1,2,,2,1,1,2,1,2,1,2,2,2,1,,3,4,4,4,3,4,4,4,4,3,4,,1,2,1,2,1,2,1,2,2,1,1,2,2,2
47,Average,b2c39730a0b317a4,223.104.251.26,379秒,,,1,女/female,2,1,2,3,2,,,4,3,3,3,4,4,4,5,5,5,5,,3,3,3,3,4,4,4,4,5,5,5,,3,3,3,3,4,4,4,5,5,5,5,,3,3,3,4,3,4,4,4,5,4,4,2,3,1
48,Average,b2d6abde9590a497,117.155.229.158,255秒,,,1,女/female,2,1,2,3,1,,,2,3,3,3,2,3,4,4,4,4,3,,3,4,4,3,3,4,4,4,3,4,3,,3,3,4,4,3,4,3,3,3,3,4,,4,4,4,5,4,4,4,4,4,4,4,3,3,1
49,Average,441D2TrqnbLkp1qXbGMmr4Qw,117.136.30.141,95秒,,,1,男/male,2,1,3,3,1,,,4,4,3,4,4,4,3,4,3,3,3,,4,3,3,3,4,2,4,3,2,3,4,,3,2,3,3,4,4,3,3,3,3,3,,4,2,3,2,2,3,3,3,2,2,3,3,3,2
50,Average,e26b9d31954a51d1,120.239.242.137,401秒,,,1,女/female,3,1,2,2,1,,,4,4,3,3,4,3,3,3,2,2,2,,3,2,2,4,2,3,2,3,2,3,3,,5,5,5,5,5,5,3,4,4,4,4,,3,3,3,3,4,3,4,5,4,3,3,2,3,1
51,Average,3c1b0c51b07cd650,223.104.13.203,215秒,,,1,男/male,4,1,4,2,1,,,2,2,3,1,2,2,2,3,3,2,2,,2,1,2,4,3,3,4,3,4,3,4,,3,2,2,1,2,2,3,2,2,3,2,,1,2,3,2,1,2,3,4,4,3,3,2,2,1
52,Average,1c19f7b244505f61,116.178.234.59,207秒,,,1,女/female,3,1,3,1,1,,,2,3,4,5,3,2,2,2,2,3,2,,2,3,4,3,4,3,3,2,2,3,2,,5,4,3,3,5,2,3,4,3,3,4,,3,2,2,4,2,2,2,3,3,2,4,2,2,2
53,Average,7459139c4171c93f,117.136.30.111,255秒,,,1,女/female,2,1,4,4,2,,,3,2,2,2,3,4,2,2,3,4,2,,3,2,3,4,3,4,4,4,5,4,3,,4,5,5,4,3,4,4,5,4,3,3,,5,4,3,5,5,4,4,3,3,2,3,2,2,1
54,Average,ecf5c9ffbd6ef28a,110.228.57.58,267秒,,,1,女/female,3,1,2,2,1,,,2,1,2,2,1,3,2,1,1,2,2,,1,2,2,2,2,3,2,1,1,2,3,,2,1,2,2,1,3,2,1,1,2,2,,1,2,2,1,2,1,1,2,2,1,2,2,1,3
55,Average,6e568e77113e2e89,112.17.235.33,335秒,,,1,女/female,3,1,4,2,1,,,1,2,1,2,2,1,2,1,1,3,1,,2,1,2,2,1,1,2,1,1,2,1,,1,2,2,1,2,1,2,1,2,2,1,,2,1,2,2,1,3,1,1,2,1,2,2,1,2
56,Average,9b0f1e89491548f8,42.94.55.164,262秒,,,1,男/male,3,1,3,3,1,,,2,2,3,2,3,2,2,2,2,2,2,,1,2,2,2,2,2,1,2,2,3,2,,1,2,4,2,4,2,1,2,2,2,2,,2,3,2,1,3,3,2,3,2,5,2,2,2,3
57,Average,e6a1d8f89606df3f,42.94.55.164,374秒,,,1,男/male,3,2,3,2,1,,,2,3,2,4,2,3,2,3,2,4,1,,2,2,4,3,3,1,2,2,2,3,4,,2,3,2,4,2,3,2,4,2,3,4,,2,2,4,2,4,2,2,3,3,3,2,1,1,2
58,Average,3e4d1c78e0be8e86,125.94.159.78,216秒,,,1,女/female,3,1,5,2,1,,,2,2,1,2,1,2,1,2,2,2,1,,4,5,4,5,4,5,4,5,4,5,4,,4,5,4,5,5,4,5,4,4,5,4,,2,2,1,2,1,1,2,2,1,2,2,4,2,2
59,Average,f53c4165ba797820,42.90.133.217,228秒,,,1,女/female,3,1,3,2,1,,,1,3,4,2,4,2,2,2,2,5,2,,2,2,1,2,1,2,2,3,2,4,2,,1,1,3,1,4,2,2,3,2,4,3,,3,2,3,4,2,3,2,3,2,3,1,1,2,1
60,Average,fc4e486541b25e02,117.136.91.56,82秒,,,1,男/male,3,2,6,2,1,,,1,2,3,3,3,2,2,2,3,3,3,,2,4,3,3,2,2,1,3,2,3,3,,3,3,3,3,1,2,1,2,1,3,3,,2,4,4,4,3,3,2,3,3,3,3,1,2,1
61,Average,ae2c48e1c53b3013,39.144.23.94,102秒,,,1,女/female,2,1,4,2,1,,,3,3,5,3,3,4,3,5,3,4,3,,4,4,3,4,5,5,5,4,5,5,4,,5,4,3,4,5,5,4,3,5,5,4,,3,4,3,3,2,1,3,2,2,2,3,2,2,3
62,Average,9e0f982d7e28d7bc,14.28.152.99,235秒,,,1,女/female,2,1,2,1,1,,,1,1,1,2,1,1,1,1,1,2,3,,5,4,5,4,4,5,4,4,5,4,4,,5,4,4,5,5,4,1,1,4,3,5,,4,4,4,4,5,4,5,5,5,4,4,3,2,3
63,Average,fb39db4729c09703,117.136.56.231,221秒,,,1,男/male,4,1,3,1,1,,,1,2,1,1,2,1,1,1,1,1,1,,1,1,1,2,1,1,1,1,2,1,1,,2,2,1,2,2,1,1,1,2,2,1,,2,2,1,2,1,2,1,1,2,1,1,1,2,2
64,Average,cab8deb0220a351b,118.80.191.69,288秒,,,1,女/female,3,1,2,2,1,,,2,2,3,4,3,3,2,4,2,2,3,,2,2,4,4,3,3,2,3,2,2,4,,2,2,4,4,3,3,3,4,2,2,4,,2,2,3,4,3,3,2,3,2,2,3,1,1,1
65,Average,947735b85078aad1,118.80.58.122,150秒,,,1,男/male,3,1,2,1,1,,,3,3,3,3,3,3,2,2,2,2,2,,2,1,2,2,2,2,2,2,2,2,2,,2,2,1,1,2,2,2,2,2,2,1,,2,2,1,1,2,2,2,2,2,2,2,2,2,1
66,Average,36bd45ab2b7ab629,14.28.152.99,242秒,,,1,男/male,3,1,3,1,1,,,3,4,4,5,3,5,3,4,4,4,5,,5,5,3,2,4,5,3,4,2,1,1,,2,2,1,1,3,1,1,3,1,1,2,,1,2,2,2,1,1,3,1,1,3,4,1,2,2
67,Average,6dd69f514f76bb31,110.250.95.27,156秒,,,1,女/female,3,1,3,2,1,,,3,3,3,2,3,3,3,3,2,4,3,,3,5,3,3,2,3,2,3,3,3,3,,4,4,4,4,2,2,3,3,4,3,3,,2,3,3,3,3,4,2,2,2,2,3,3,3,1
68,Average,b02560cad2286392,110.250.95.27,103秒,,,1,男/male,3,1,2,4,1,,,2,4,2,3,2,2,2,3,2,4,2,,3,5,3,5,3,3,2,2,3,2,2,,3,3,4,3,3,4,2,2,2,2,3,,2,3,3,4,2,2,2,2,3,5,2,2,3,3
69,Average,76b2aef13e4aafd0,110.250.95.27,133秒,,,1,男/male,2,1,3,2,1,,,3,3,3,3,3,2,2,2,4,4,3,,2,2,3,2,4,3,2,3,3,2,3,,3,2,3,4,2,2,2,3,3,3,2,,2,3,2,3,4,2,2,3,2,3,2,3,2,2
70,Average,94af589ea53d9341,120.229.55.167,217秒,,,1,男/male,3,1,4,2,1,,,2,2,2,1,2,1,2,1,1,2,2,,4,4,4,4,4,4,4,4,4,4,4,,2,1,2,1,2,1,2,2,2,2,1,,2,1,2,2,1,2,2,2,2,1,2,2,2,1
71,Average,8d0ece49059e0539,223.104.197.202,318秒,,,1,男/male,3,1,5,2,1,,,2,1,2,3,2,1,2,1,2,1,2,,2,1,2,4,2,1,2,1,2,1,2,,2,1,2,3,2,1,3,1,2,3,2,,2,1,2,4,2,1,2,1,2,3,2,1,2,1
72,Average,d47ae47a748381b0,115.223.92.176,310秒,,,1,女/female,3,1,3,1,1,,,1,1,2,2,1,2,3,1,1,2,2,,2,1,2,2,1,2,1,2,1,2,1,,2,2,1,1,2,1,2,1,3,1,2,,2,2,2,1,2,3,1,2,2,1,2,2,1,2
73,Average,65a99e5d2113e87d,220.162.28.158,326秒,,,1,女/female,3,1,4,2,1,,,2,2,3,4,2,3,2,3,2,3,4,,4,3,4,4,3,4,4,4,3,4,4,,3,3,2,3,2,4,4,5,4,5,5,,3,2,2,3,4,4,4,5,4,5,4,2,2,2
74,Average,8c26b036fc756f97,183.198.95.148,87秒,,,1,女/female,2,1,2,2,2,,,4,4,3,4,4,3,4,4,4,4,3,,3,2,3,3,2,2,1,2,2,2,1,,5,4,4,5,5,4,4,3,5,4,5,,5,4,5,5,5,4,3,3,3,5,3,3,2,2
75,Average,d45c3b97b522bac3,115.223.92.176,335秒,,,1,男/male,4,1,3,2,1,,,1,2,1,2,2,1,2,1,1,2,3,,1,3,2,1,1,2,3,1,2,1,2,,2,1,2,2,2,1,2,1,1,2,2,,2,1,2,3,2,1,2,1,1,2,3,2,1,2
76,Average,3142c3ddbd90ec91,223.104.250.137,573秒,,,1,女/female,2,1,5,4,1,,,4,2,3,5,4,3,2,3,4,3,3,,3,2,4,3,5,5,3,1,2,3,4,,4,5,4,5,5,4,4,2,2,3,5,,4,3,5,4,3,4,3,5,3,2,3,4,4,2
77,Average,58332dadd8638211,123.232.127.122,380秒,,,1,女/female,3,1,4,2,1,,,2,2,3,2,3,3,2,3,2,4,2,,2,2,3,3,4,3,2,3,2,2,3,,3,2,4,4,3,4,4,4,3,4,4,,2,2,3,4,3,2,2,2,2,2,1,2,2,1
78,Average,c9f0f64149fe621a,117.128.4.200,242秒,,,1,女/female,3,1,3,2,1,,,2,3,3,2,4,2,1,1,3,1,2,,2,3,4,1,3,1,2,1,3,1,2,,3,1,3,2,1,3,2,1,2,2,1,,2,2,2,2,1,2,2,1,2,3,2,2,2,1
79,Average,79d6d9482f45730a,117.136.4.120,52秒,,,1,女/female,3,1,3,2,2,,,1,2,4,5,3,1,2,5,3,4,5,,1,2,5,4,2,1,4,1,2,5,3,,1,2,4,5,2,3,1,3,2,4,5,,2,3,1,5,2,3,2,3,2,4,5,1,3,3
80,Average,57ca3c93a157c210,39.148.32.33,262秒,,,1,女/female,3,1,2,2,1,,,2,4,3,1,4,3,3,4,2,4,3,,2,3,4,3,4,4,2,4,3,4,4,,2,1,2,4,4,3,2,4,2,3,4,,2,4,4,3,4,4,2,3,2,4,4,2,3,2
81,Average,b1da9e0dcf7153c4,113.57.182.87,141秒,,,1,女/female,3,1,4,2,1,,,4,4,3,4,4,3,4,4,4,4,4,,5,5,4,4,5,5,4,5,5,4,4,,2,2,2,3,3,2,2,2,2,2,3,,1,1,2,1,2,2,2,1,2,1,2,3,2,1
82,Average,3b5c6b58636717f2,42.90.133.142,216秒,,,1,男/male,3,1,4,3,1,,,1,3,1,2,1,2,2,3,2,3,3,,2,3,2,4,2,3,2,2,3,2,4,,2,1,3,2,3,3,2,3,2,3,2,,1,1,2,2,1,3,1,2,1,1,2,2,2,2
83,Average,d0a367cb6df277bd,117.181.59.70,92秒,,,1,女/female,2,1,2,1,1,,,4,2,4,3,5,3,2,3,4,3,2,,4,3,1,2,4,2,2,3,2,4,1,,3,3,4,4,3,3,2,4,3,4,1,,5,2,3,4,3,1,2,2,3,4,1,2,4,1
84,Average,8b7c5c3baa9903fc,117.156.214.29,1119秒,,,1,女/female,3,2,4,2,1,,,1,3,2,2,3,1,1,2,1,2,2,,2,3,2,4,2,2,1,2,2,3,2,,2,3,3,1,3,3,1,2,2,3,1,,2,2,1,3,1,2,1,3,2,3,2,2,2,2
85,Average,81697b4a96f4161e,111.15.67.6,99秒,,,1,女/female,2,1,3,3,1,,,3,2,2,3,3,2,2,2,3,3,2,,2,3,2,2,3,2,3,2,2,3,2,,2,3,2,2,3,3,2,2,3,3,3,,2,2,3,4,2,3,4,4,3,4,3,2,2,2
86,Average,cf5b63ad8dd007a9,111.41.133.179,238秒,,,1,男/male,4,1,3,1,1,,,1,1,2,2,1,1,1,1,1,1,1,,1,2,1,1,1,1,1,2,1,1,1,,1,1,2,1,1,1,1,1,1,1,1,,1,2,1,1,1,2,1,1,1,2,1,1,2,2
87,Average,422b7dd10095db2c,49.7.6.242,315秒,,,1,女/female,3,1,3,2,1,,,3,2,3,3,2,1,2,1,3,2,1,,2,3,1,1,3,2,2,1,2,3,1,,2,1,2,3,2,1,2,1,2,3,1,,1,2,1,2,2,1,2,1,2,1,1,2,2,1
88,Average,9e035033e3247a6d,118.80.224.171,248秒,,,1,男/male,3,1,5,2,1,,,2,1,2,4,2,1,2,1,2,1,2,,2,1,2,3,2,1,2,1,2,1,2,,2,1,2,4,2,1,2,1,2,1,2,,2,1,2,3,2,1,2,1,2,1,2,2,2,2
89,Average,3908e9653885ce2a,110.180.13.132,142秒,,,1,女/female,2,1,4,2,1,,,2,2,2,3,3,2,2,2,2,2,2,,2,2,4,2,2,2,2,2,2,2,1,,2,2,2,2,3,2,2,2,2,1,1,,2,2,2,2,3,2,2,2,3,3,2,1,2,3
90,Average,2520c7b9ae9a1ac1,110.180.13.132,165秒,,,1,女/female,3,1,4,2,1,,,2,2,3,2,2,2,1,1,2,1,2,,2,1,2,2,1,1,1,2,2,2,1,,2,1,2,1,2,2,2,2,2,2,1,,2,2,3,2,3,1,2,1,2,2,2,2,2,2
91,Average,94f872bbe9999b7d,140.243.208.178,287秒,,,1,女/female,2,1,4,2,2,,,2,2,3,2,3,2,3,2,3,2,3,,5,5,4,4,4,4,4,4,4,4,5,,3,2,2,3,3,2,3,3,3,4,4,,3,4,3,4,2,3,4,3,5,4,3,2,2,1
92,Average,54c94c5b12178d94,110.180.13.132,256秒,,,1,女/female,3,1,3,2,1,,,2,2,3,2,2,2,2,2,2,2,2,,2,2,2,3,2,2,2,2,2,2,3,,1,2,2,3,2,2,2,2,2,2,2,,2,1,2,2,2,3,2,2,2,2,2,2,2,2
93,Average,a9d01dd5f6b5b019,110.180.13.132,344秒,,,1,女/female,2,1,3,2,1,,,2,2,2,3,2,2,2,2,2,2,1,,2,2,2,1,2,2,2,2,2,2,2,,1,2,2,2,2,3,2,2,3,2,2,,2,2,2,2,2,2,1,2,2,2,2,2,2,3
94,Average,2ac04d89d710d1dc,39.148.32.33,131秒,,,1,女/female,2,1,1,2,2,,,3,3,4,3,2,5,2,3,4,2,3,,3,2,4,4,1,2,5,2,3,3,2,,5,4,5,5,3,2,3,2,3,4,2,,4,5,2,3,4,3,4,2,4,2,2,2,1,2
95,Average,24d601d03f3e6a44,223.104.29.161,243秒,,,1,女/female,2,1,3,4,1,,,4,4,3,3,4,3,4,3,3,3,4,,2,3,2,2,3,3,2,3,2,2,3,,4,4,4,4,3,4,4,3,3,3,4,,2,2,2,4,3,2,2,3,2,2,2,1,4,2
96,Average,73045c1af07c5b00,112.51.59.138,255秒,,,1,女/female,3,1,3,3,1,,,3,3,2,2,2,3,3,3,4,2,2,,3,4,3,4,2,3,4,2,2,3,3,,3,3,2,2,2,2,4,2,3,4,2,,3,4,2,1,3,2,2,3,3,2,2,2,3,2
97,Average,f1fd033e0f2ab00a,110.250.104.9,508秒,,,1,男/male,4,1,3,2,1,,,2,2,2,5,2,3,4,3,5,4,2,,2,2,2,5,2,2,3,4,2,3,4,,2,2,2,5,2,3,4,4,2,3,2,,2,3,2,1,2,1,2,3,2,3,2,2,2,2
98,Average,680251421a4c471c,219.232.77.43,525秒,,,1,男/male,3,1,6,3,1,,,2,2,3,2,3,5,2,3,3,3,3,,3,4,2,2,4,3,3,4,4,4,2,,3,3,4,4,2,3,3,3,4,2,1,,5,4,5,4,3,4,4,5,5,4,3,4,2,2
99,Average,de169060eb178372,117.128.4.200,219秒,,,1,男/male,4,1,5,1,1,,,1,1,2,3,1,2,1,3,2,1,1,,2,2,3,1,2,2,2,1,3,1,3,,1,3,2,1,2,3,1,2,3,1,3,,1,1,2,2,3,2,1,3,1,2,1,2,1,2
100,Average,1f66700fddff36c4,110.228.57.58,225秒,,,1,女/female,3,1,2,2,1,,,1,2,1,2,2,3,2,1,1,2,3,,2,1,2,1,2,1,2,1,1,2,2,,1,2,1,2,2,2,1,2,1,2,3,,1,2,3,1,2,1,1,2,1,2,3,1,1,3
101,Average,f5dfc9d5ca4cdd3c,218.26.55.9,275秒,,,1,女/female,2,1,1,4,1,,,2,2,2,3,2,1,2,3,3,3,2,,2,2,3,3,3,3,2,3,4,3,3,,2,3,4,4,3,3,4,5,4,5,4,,4,3,4,5,4,3,4,4,4,4,4,3,4,1
102,Average,2601fcf52f8db1f1,110.228.57.58,255秒,,,1,男/male,2,1,2,2,1,,,1,2,1,2,1,3,2,1,1,2,2,,1,2,2,1,1,3,1,2,1,2,2,,1,2,1,2,1,3,1,2,1,2,3,,1,2,1,2,1,3,1,2,1,2,2,2,1,3
1,Perfect,,111.194.45.25,70秒,,,1,男/male,3,2,3,2,2,,,5,2,3,5,4,3,3,4,5,2,3,,3,2,3,5,3,2,3,4,4,4,1,,4,3,3,5,3,2,2,5,3,3,3,,3,4,2,3,4,3,4,3,4,4,3,3,4,3
2,Perfect,,111.194.45.25,56秒,,,1,男/male,4,2,3,3,1,,,2,5,2,3,4,4,4,3,5,5,1,,3,2,3,4,3,5,4,3,3,3,1,,4,1,2,4,3,5,3,2,3,4,1,,4,4,2,5,3,2,2,2,2,1,2,4,4,2
3,Perfect,QoAYU5Dg,117.136.78.59,261秒,,,1,男/male,3,1,3,1,1,,,1,2,1,4,2,3,2,1,4,2,2,,1,1,4,3,1,2,3,1,2,1,1,,1,1,2,3,1,2,2,1,2,1,2,,1,1,1,2,1,3,1,1,2,1,1,2,2,3
4,Perfect,dYY34i3M,117.136.33.243,210秒,,,1,女/female,2,1,4,2,1,,,1,1,2,2,1,2,2,1,1,2,1,,2,1,1,2,2,3,1,2,1,2,2,,2,1,2,2,2,1,2,1,2,1,2,,2,1,2,4,2,1,2,1,2,1,2,2,2,2
5,Perfect,JFF2lgEL,112.39.82.90,393秒,,,1,女/female,3,1,2,4,1,,,3,3,4,4,3,2,3,4,4,4,4,,2,2,3,3,3,3,3,4,2,3,3,,2,2,3,3,3,3,3,4,2,3,3,,3,3,2,3,2,3,2,3,2,3,3,2,4,1
6,Perfect,8IDWY2yF,117.136.47.66,224秒,,,1,男/male,3,1,3,2,1,,,3,4,4,5,5,3,4,5,4,5,4,,2,1,1,3,3,2,3,2,2,1,1,,3,3,4,3,3,4,3,3,4,3,4,,4,5,5,4,5,5,5,5,4,5,5,3,2,2
7,Perfect,oaQ6PGQH,223.88.158.106,164秒,,,1,男/male,3,1,4,1,1,,,1,2,1,1,1,2,1,2,1,2,1,,2,1,3,1,4,2,1,2,1,2,1,,1,2,2,1,1,2,1,2,1,2,2,,5,4,5,4,4,5,4,5,4,5,5,2,2,2
8,Perfect,7AQZaWuq,39.144.177.133,230秒,,,1,女/female,3,1,3,1,1,,,4,5,5,4,4,5,4,5,5,4,5,,1,2,1,2,1,3,2,1,1,2,1,,1,2,1,2,1,1,1,2,1,2,2,,3,3,2,1,2,2,2,1,1,2,1,2,1,1
9,Perfect,3X3LXePk,183.193.125.181,229秒,,,1,女/female,3,1,4,2,1,,,2,1,2,3,2,2,2,2,1,1,2,,2,1,3,2,1,2,2,1,2,1,2,,2,1,1,2,1,2,1,1,2,1,1,,4,4,5,5,4,4,5,4,5,5,3,2,2,1
10,Perfect,e1CWRTpA,106.127.23.129,231秒,,,1,女/female,2,1,5,2,1,,,2,3,2,3,2,3,2,2,2,1,2,,3,3,1,4,5,4,2,3,2,1,3,,4,4,5,4,5,4,4,4,3,4,3,,2,1,2,2,1,2,2,1,2,2,1,2,2,1
11,Perfect,1mx6EmqV,1.92.139.19,294秒,,,1,女/female,2,1,2,1,1,,,2,3,3,2,3,3,2,3,2,3,2,,1,2,3,5,2,1,3,2,2,3,3,,4,5,4,5,5,5,5,5,5,5,5,,2,2,1,1,1,1,1,1,1,2,1,2,2,3
12,Perfect,zBW8e607,112.2.249.92,228秒,,,1,女/female,3,1,2,1,1,,,2,4,3,2,2,2,2,3,2,3,2,,2,3,3,4,4,4,2,3,3,2,3,,4,3,3,4,4,4,3,4,3,4,3,,3,3,2,2,2,2,2,2,2,3,2,2,2,1
13,Perfect,5I47ZBEu,106.127.23.129,215秒,,,1,女/female,2,1,6,2,1,,,1,2,2,1,2,2,2,1,2,1,2,,2,2,4,4,4,3,1,2,2,1,2,,3,3,4,4,3,3,3,4,2,2,3,,2,1,2,2,1,2,2,1,2,2,1,2,2,1
14,Perfect,cZhRhhw2,117.136.12.220,209秒,,,1,女/female,2,1,3,4,1,,,3,2,2,3,2,4,2,3,2,4,3,,2,1,1,4,4,3,2,2,2,2,2,,2,3,4,4,4,3,3,4,4,4,3,,2,1,1,3,1,3,2,1,2,2,2,2,4,2
15,Perfect,Vj4VYgRt,117.136.12.220,86秒,,,1,女/female,2,1,3,4,1,,,2,3,3,3,2,3,3,3,3,3,2,,2,3,4,4,3,3,2,3,3,3,2,,2,4,4,4,3,3,3,3,4,3,3,,3,2,3,2,2,2,2,3,3,2,2,2,4,3
16,Perfect,XedNcAol,183.94.106.114,185秒,,,1,女/female,3,1,4,2,1,,,3,5,3,5,4,4,4,5,4,5,4,,2,2,2,3,3,2,2,1,2,2,1,,3,3,2,3,3,2,3,2,2,2,3,,2,2,1,2,2,1,2,1,1,2,2,2,2,1
17,Perfect,j93s3gyR,1.92.139.19,190秒,,,1,女/female,3,1,3,1,1,,,3,4,2,2,3,4,3,2,3,2,4,,2,2,1,3,3,2,3,2,2,3,2,,2,3,1,3,3,4,3,2,2,3,4,,1,2,1,3,2,3,1,2,2,2,3,1,1,2
18,Perfect,MCWEUqzm,1.92.139.19,260秒,,,1,男/male,4,1,4,1,1,,,4,5,3,5,4,5,5,5,5,4,5,,2,1,2,3,1,3,2,1,2,4,3,,2,1,2,3,1,3,3,2,2,2,3,,2,3,1,1,2,2,2,2,2,3,1,1,2,2
19,Perfect,lrZYEone,36.98.68.191,95秒,,,1,男/male,2,2,2,2,1,,,1,3,3,3,1,3,4,1,4,5,1,,5,4,1,2,4,4,3,5,4,2,3,,4,3,4,2,4,3,4,4,2,4,1,,2,4,3,4,2,3,3,4,4,2,1,4,2,1
20,Perfect,rbvakIcK,111.58.28.1,265秒,,,1,女/female,2,1,3,3,1,,,2,1,2,2,2,1,2,1,2,1,1,,2,2,1,2,1,2,3,2,2,3,1,,3,2,1,2,1,2,2,2,2,2,1,,2,1,2,1,3,2,2,2,1,1,2,2,1,3
21,Perfect,9jz41suy,1.92.139.19,242秒,,,1,女/female,3,1,3,1,1,,,2,1,2,3,3,4,3,2,2,2,3,,2,1,2,3,2,3,2,2,3,2,3,,1,2,2,3,2,3,2,3,2,3,1,,2,2,1,3,3,1,1,2,2,1,2,1,2,3
22,Perfect,7qi9efsz,111.58.28.1,55秒,,,1,男/male,3,2,2,3,1,,,3,4,3,3,4,1,3,4,2,3,4,,3,3,4,3,5,2,3,4,3,4,3,,3,2,4,3,5,2,2,1,0,0,0,,2,3,2,3,3,1,3,2,2,2,2,2,2,1
23,Perfect,e9odkIpE,220.162.225.170,296秒,,,1,男/male,3,1,2,1,1,,,2,1,1,1,2,1,1,2,2,2,1,,1,2,2,1,2,1,1,2,2,2,1,,1,2,2,1,2,1,2,2,2,1,1,,2,1,2,1,1,2,2,2,2,1,1,1,1,3
24,Perfect,9I8WWunY,183.198.94.233,366秒,,,1,男/male,3,1,2,2,1,,,2,1,2,2,2,3,3,3,3,2,3,,2,2,3,3,3,3,2,2,2,1,2,,2,2,3,3,2,3,4,5,4,5,3,,2,2,2,3,2,3,2,3,2,2,1,2,2,2
25,Perfect,Sdi4vO7r,183.198.94.233,499秒,,,1,男/male,2,1,2,2,1,,,3,3,2,3,1,2,5,3,4,5,3,,2,2,5,4,3,1,4,5,3,4,3,,2,3,5,4,3,3,5,5,4,5,5,,2,1,1,1,2,1,1,2,2,2,1,2,2,3
26,Perfect,ah3Jtk9v,39.144.177.169,294秒,,,1,女/female,3,1,3,1,1,,,1,2,2,1,2,1,1,2,1,2,1,,2,2,1,2,2,1,1,2,1,2,1,,1,2,1,2,2,1,1,2,1,2,1,,4,5,5,5,4,5,4,5,4,5,5,2,1,2
27,Perfect,G7ce9Nfm,120.228.160.203,90秒,,,1,男/male,3,1,6,2,1,,,1,2,2,3,3,2,1,2,2,3,2,,1,2,3,3,1,2,1,2,2,2,1,,1,1,3,3,1,2,1,2,1,2,1,,2,3,1,2,1,2,1,1,2,2,1,2,2,2
28,Perfect,AircGKf5,117.136.4.97,102秒,,,1,女/female,3,1,2,2,2,,,2,3,5,4,1,2,2,4,1,4,2,,1,3,4,1,2,3,4,2,5,2,4,,5,4,3,1,2,3,2,4,1,4,2,,2,5,4,2,4,3,1,3,3,5,4,1,5,2
29,Perfect,j2GAOlAW,60.1.154.119,219秒,,,1,女/female,3,1,3,2,1,,,2,3,2,2,3,2,2,1,2,3,2,,2,3,1,4,2,2,2,2,2,3,1,,3,2,2,4,2,2,3,3,2,2,2,,3,2,3,2,4,1,2,3,3,3,2,2,2,1
30,Perfect,i5CE3fg3,223.104.14.44,400秒,,,1,男/male,3,1,3,3,1,,,4,4,5,4,5,4,4,4,4,5,4,,2,2,5,4,5,5,2,1,2,1,2,,4,5,5,4,5,5,5,4,4,4,5,,2,1,2,2,1,2,2,1,2,2,1,2,2,3
31,Perfect,uOyL9xTq,42.94.55.164,252秒,,,1,男/male,3,1,3,2,1,,,2,2,2,4,2,3,2,4,2,4,4,,2,4,3,4,3,4,4,4,3,3,2,,2,3,3,4,3,4,2,4,2,3,4,,3,4,2,3,4,3,3,3,4,2,3,2,1,3
32,Perfect,8FXQVvE5,117.136.52.212,370秒,,,1,男/male,3,1,2,3,1,,,4,4,2,4,3,4,3,4,4,3,3,,2,2,2,2,3,2,2,3,2,3,3,,3,3,2,2,3,2,4,4,4,4,2,,2,3,3,2,2,3,2,2,2,3,2,2,2,3
33,Perfect,GF32BpEY,39.148.32.33,254秒,,,1,女/female,6,1,1,3,2,,,2,2,4,3,4,3,4,3,3,3,5,,3,4,4,5,2,5,2,5,2,4,3,,4,5,4,5,3,5,4,5,2,3,4,,2,4,5,1,4,1,2,4,2,4,3,4,3,2
34,Perfect,zPeq5kOT,223.104.187.216,173秒,,,1,女/female,2,1,3,4,1,,,2,3,4,4,2,1,4,4,4,3,2,,2,3,4,4,3,2,3,3,2,3,2,,4,4,4,4,3,2,4,2,3,3,2,,2,1,2,3,1,3,2,1,1,1,2,3,2,2
35,Perfect,kdnNRqtH,36.98.166.175,84秒,,,1,女/female,2,1,2,4,2,,,3,4,4,3,4,4,4,5,4,3,4,,2,2,5,4,5,4,3,2,2,2,2,,5,5,5,4,5,4,5,4,5,5,4,,4,3,4,4,4,4,5,5,4,5,5,5,4,2
36,Perfect,ienPvpcB,223.104.185.132,437秒,,,1,女/female,2,1,4,3,1,,,2,2,1,2,2,1,2,2,2,1,2,,3,2,3,2,2,1,3,3,2,3,3,,2,2,3,2,2,3,4,4,4,4,4,,2,2,1,2,2,1,2,1,2,1,1,1,2,2
37,Perfect,1502559d13a7027c,112.97.57.191,157秒,,,1,男/male,3,1,4,2,1,,,2,1,2,2,1,2,2,3,3,2,3,,2,3,5,5,4,3,3,4,1,2,2,,5,4,5,5,4,3,4,5,4,4,5,,3,2,1,2,3,1,2,3,3,1,2,1,2,1
38,Perfect,f15b29468404a5c3,183.198.95.148,103秒,,,1,女/female,3,1,2,2,1,,,2,3,3,3,2,2,3,2,2,2,1,,2,2,3,5,3,3,3,2,1,2,1,,4,4,3,5,3,3,4,4,3,4,5,,4,4,5,3,4,4,3,4,5,5,4,4,4,1
39,Perfect,18ef14fee1e1da4c,110.228.57.58,266秒,,,1,女/female,3,1,2,2,1,,,2,2,1,2,2,2,1,2,2,2,3,,2,2,1,1,1,2,2,3,2,1,2,,2,2,1,1,2,2,2,1,2,1,2,,2,3,2,2,1,2,2,3,2,1,2,2,3,2
40,Perfect,ae8b5a08f24b947c,220.172.152.22,180秒,,,1,女/female,2,1,3,3,1,,,4,4,3,4,4,3,4,4,3,4,3,,1,2,3,3,2,3,2,1,2,1,2,,3,2,3,3,2,3,3,2,2,3,2,,3,2,1,2,2,1,2,1,2,2,1,2,2,3
41,Perfect,594bcf78a9aa2f17,221.10.55.149,157秒,,,1,女/female,2,1,2,2,1,,,2,3,4,4,3,3,3,4,3,4,2,,2,2,3,4,3,3,2,2,3,3,2,,3,2,3,4,3,3,4,3,2,3,2,,2,2,3,5,3,3,3,3,3,2,2,3,3,1
42,Perfect,0feff088db742b35,49.7.3.209,212秒,,,1,男/male,3,1,3,2,1,,,2,1,2,2,1,2,3,1,2,2,1,,1,2,1,0,5,0,2,2,1,2,2,,0,0,0,0,0,0,1,2,2,1,1,,1,2,1,2,2,2,1,2,0,0,0,2,4,1
43,Perfect,d5a81859daad29b5,223.104.14.44,293秒,,,1,女/female,3,1,4,2,1,,,2,2,1,3,1,1,2,2,1,2,2,,1,2,5,5,4,4,2,2,1,1,2,,5,4,5,5,4,4,4,5,5,4,5,,2,2,1,4,2,2,2,2,4,5,4,1,2,2
44,Perfect,00a9b7bfab343985,223.104.101.87,182秒,,,1,女/female,2,1,4,4,1,,,2,2,3,3,2,3,2,3,2,3,3,,3,3,4,4,3,4,2,4,2,2,3,,3,3,4,4,3,4,3,4,3,4,4,,3,3,3,3,3,3,3,4,3,2,2,3,4,1
45,Perfect,5.86E+15,42.90.133.217,217秒,,,1,女/female,3,1,3,3,1,,,2,1,4,3,3,2,1,2,2,3,2,,2,2,2,2,3,2,3,3,2,5,3,,2,4,2,2,3,2,2,3,2,4,2,,3,4,3,4,2,3,2,2,3,3,1,2,2,2
46,Perfect,b74c9fac5b7ee003,111.41.133.179,81秒,,,1,男/male,4,1,4,1,1,,,2,1,2,1,2,1,1,2,2,1,1,,1,2,1,1,2,1,1,2,1,2,1,,1,2,1,1,2,1,1,2,2,2,1,,1,2,1,1,2,1,1,2,2,2,1,2,1,2
47,Perfect,4759c5270ff7e3da,117.136.107.2,102秒,,,1,女/female,3,2,2,1,2,,,2,2,4,4,3,1,3,1,3,2,2,,2,3,2,1,1,2,3,2,3,3,2,,4,3,2,1,1,2,1,2,1,2,1,,5,4,5,5,4,1,4,3,4,4,4,4,2,1
48,Perfect,1a43d27b5dffc5dd,118.80.224.171,332秒,,,1,男/male,4,1,6,2,1,,,2,1,2,3,2,1,2,1,2,1,2,,2,1,2,3,2,3,2,1,2,1,2,,2,1,2,3,2,1,2,1,2,1,2,,2,1,2,4,2,1,2,1,2,1,2,2,2,2
49,Perfect,7d15099339d060a2,223.104.2.132,293秒,,,1,女/female,2,1,3,2,1,,,2,1,3,2,1,2,3,2,2,1,2,,3,2,2,3,3,4,3,2,1,2,3,,4,3,4,3,3,4,4,5,4,5,4,,1,2,1,3,2,1,2,1,2,1,2,2,2,2
50,Perfect,2014e1c1d28ac687,42.94.55.164,213秒,,,1,女/female,3,1,3,2,1,,,2,2,4,3,2,2,2,4,3,3,4,,2,3,3,3,1,3,2,4,2,4,2,,2,4,3,3,1,3,2,2,3,5,2,,1,3,3,2,4,3,2,3,3,3,2,2,2,3
51,Perfect,b4b608b504b3aaef,118.80.58.122,226秒,,,1,男/male,3,1,1,2,1,,,3,3,2,2,2,2,2,2,2,2,2,,2,2,2,2,2,2,3,2,2,2,2,,2,2,2,2,2,2,2,2,2,2,2,,2,2,2,2,2,2,2,2,2,2,2,2,2,3
52,Perfect,582d71b9f81296a3,117.136.56.248,239秒,,,1,女/female,4,1,4,1,1,,,2,1,1,1,1,1,1,1,1,1,1,,1,1,1,2,1,1,1,1,2,1,1,,2,1,1,2,1,1,1,1,1,1,1,,1,1,1,2,1,1,1,1,1,2,1,1,2,1
53,Perfect,cdeb8bef0274b1e7,111.36.170.55,237秒,,,1,男/male,3,1,4,1,1,,,1,2,3,2,1,2,2,1,1,2,1,,2,1,3,4,3,4,2,1,1,2,1,,3,4,3,4,3,4,4,3,4,5,4,,1,2,1,3,1,2,1,2,2,1,2,1,2,3
54,Perfect,e6dad30028533092,124.166.247.7,174秒,,,1,男/male,3,1,3,2,1,,,3,4,4,4,4,4,4,4,4,4,4,,2,2,2,2,2,1,2,2,2,2,2,,1,1,2,2,2,1,2,2,3,3,2,,2,2,3,3,3,4,2,2,2,2,2,2,2,3
55,Perfect,1dce46542ea67d44,221.192.179.11,144秒,,,1,男/male,3,1,3,2,1,,,2,3,1,3,3,2,1,3,3,4,1,,2,1,2,4,2,3,2,2,2,3,2,,1,3,2,4,2,3,1,4,2,4,2,,3,2,1,2,1,1,1,2,2,4,2,2,2,2
56,Perfect,2d5f5b482674b8ea,110.180.13.132,283秒,,,1,女/female,3,1,4,2,1,,,2,2,1,2,2,2,2,2,2,3,1,,2,2,3,2,2,2,2,2,2,2,1,,2,2,3,2,2,2,2,2,2,2,2,,2,3,2,2,2,3,2,2,2,2,2,1,1,2
57,Perfect,511f4220a772ea05,223.104.197.197,268秒,,,1,女/female,3,1,4,2,1,,,2,2,1,3,3,2,2,2,2,2,1,,2,2,1,2,2,1,2,2,2,2,2,,2,2,4,2,2,1,2,2,2,2,3,,2,2,2,2,3,2,2,2,2,2,2,1,1,3
58,Perfect,7ed2afa2c75bc211,223.104.228.182,423秒,,,1,男/male,3,1,5,2,1,,,2,2,2,3,3,3,2,2,2,4,3,,2,2,3,4,3,3,2,2,2,3,3,,2,2,3,4,3,3,2,3,2,2,3,,2,2,2,2,2,2,2,2,2,2,2,2,2,1
59,Perfect,801282e82b2e0ac0,223.104.148.239,547秒,,,1,女/female,2,1,3,2,1,,,2,2,2,1,1,2,2,2,1,2,2,,1,1,2,2,1,5,2,1,2,2,1,,2,1,2,2,1,2,2,1,2,1,1,,2,1,1,1,2,2,1,2,2,1,2,2,2,2
60,Perfect,496fbd7adb9eecbf,183.198.61.96,303秒,,,1,女/female,3,1,4,2,1,,,2,2,1,2,1,2,2,2,1,2,1,,2,2,5,5,4,5,1,2,1,2,2,,4,4,5,5,4,5,4,5,5,4,5,,2,1,2,2,1,2,2,2,1,2,2,2,2,2
61,Perfect,b3dcf777cd4fa75c,39.64.26.121,260秒,,,1,女/female,3,1,4,1,1,,,1,2,1,3,1,2,2,1,2,1,3,,1,2,3,4,3,4,1,2,1,2,1,,3,4,3,4,3,4,3,4,3,4,3,,1,2,1,2,1,2,2,1,1,2,1,1,2,2
62,Perfect,501af351f161aff5,183.94.106.114,110秒,,,1,女/female,2,1,4,1,1,,,2,2,1,2,2,1,2,2,2,1,2,,1,2,3,5,4,4,2,2,1,1,2,,4,4,3,5,4,4,4,4,4,4,5,,2,2,1,2,2,1,1,2,2,1,2,2,2,1
63,Perfect,d2f5b32c8266a127,221.192.179.13,255秒,,,1,男/male,3,1,3,2,1,,,2,2,3,2,2,3,2,2,3,2,2,,1,1,1,1,2,2,2,1,1,2,2,,2,2,1,1,2,2,1,2,2,1,2,,4,4,5,5,4,3,4,5,4,5,5,2,1,2
64,Perfect,ddf5116a0d0b1858,183.193.125.181,257秒,,,1,女/female,2,1,4,2,1,,,2,1,2,2,2,1,2,1,2,1,2,,2,1,2,1,1,2,2,1,2,2,1,,2,2,2,1,1,2,2,1,2,1,1,,3,3,4,3,3,4,4,3,4,4,3,2,2,1
65,Perfect,e1682e0118d3479f,183.193.125.181,230秒,,,1,女/female,3,1,4,2,1,,,1,2,2,2,2,2,2,2,1,2,2,,1,1,1,3,2,2,2,1,3,1,1,,3,1,1,2,2,2,1,2,2,1,2,,4,3,4,3,3,3,3,4,4,4,3,3,2,1
66,Perfect,923e04ee85361575,39.144.41.6,210秒,,,1,女/female,2,1,2,3,1,,,2,3,2,4,2,3,4,3,3,2,4,,4,3,4,5,3,4,4,5,4,3,2,,2,2,4,5,3,4,4,5,4,3,4,,3,2,2,4,2,3,2,4,4,4,2,3,2,2
67,Perfect,426e5c453ccd8356,39.144.2.71,90秒,,,1,男/male,3,2,3,3,1,,,3,4,3,4,3,3,3,3,2,2,2,,3,3,3,2,3,4,2,4,2,2,3,,3,2,3,2,3,4,3,3,3,2,2,,2,3,4,4,3,2,4,3,3,3,3,3,2,2
68,Perfect,1e5e39d5c9c0ba4a,223.104.176.23,297秒,,,1,女/female,3,1,2,1,1,,,2,2,2,3,2,2,3,2,2,2,3,,1,3,1,3,2,2,2,1,2,2,1,,2,2,4,3,2,2,4,3,4,4,3,,1,2,2,1,2,1,2,1,2,1,1,1,2,3
69,Perfect,bd8e54f9b02490c6,39.144.41.6,84秒,,,1,男/male,3,1,2,1,2,,,1,4,3,3,3,2,2,3,1,2,3,,3,3,5,4,5,2,2,3,1,3,2,,4,4,5,4,3,3,2,4,3,2,2,,2,2,5,1,3,2,3,2,2,4,2,3,2,2
70,Perfect,54bcd6f022588d55,27.156.184.30,281秒,,,1,女/female,4,1,2,2,1,,,2,2,1,1,2,3,2,1,1,2,2,,1,2,3,2,3,2,2,1,1,2,3,,2,2,1,2,3,2,2,2,3,2,1,,2,3,1,2,1,3,1,2,2,1,2,2,1,3
71,Perfect,9c1cf6202edb8290,183.202.24.182,59秒,,,1,女/female,3,1,4,1,2,,,2,1,4,3,5,2,3,5,2,5,4,,1,4,2,3,1,3,1,5,3,2,4,,2,4,2,3,5,3,1,3,2,3,5,,2,5,4,1,2,3,2,4,3,3,3,2,4,2
72,Perfect,d4b7795e9ca8969f,112.35.172.229,267秒,,,1,男/male,2,1,3,1,1,,,1,1,2,2,1,2,2,2,2,1,2,,1,1,2,1,2,2,2,2,1,2,1,,2,2,2,1,2,2,1,2,2,2,1,,2,1,2,2,1,2,2,1,1,2,2,2,1,2
73,Perfect,b447b7ee2de00e90,112.17.235.33,250秒,,,1,男/male,3,1,4,1,1,,,1,1,2,2,1,2,2,1,2,1,1,,2,1,1,2,1,1,2,1,2,1,1,,1,2,1,2,1,1,2,1,2,1,1,,1,2,1,1,2,1,2,1,1,1,1,1,2,3
74,Perfect,96523abf7ca797db,113.57.182.87,141秒,,,1,女/female,3,1,4,2,1,,,4,4,5,5,5,4,4,4,4,4,5,,2,2,4,4,5,5,2,2,2,1,2,,4,5,4,4,5,5,4,4,4,4,5,,1,2,1,2,2,1,1,1,2,1,1,2,2,1
75,Perfect,b22b71a9ffceb98c,112.17.235.33,258秒,,,1,男/male,2,1,4,1,1,,,1,2,2,1,2,1,2,1,1,2,2,,1,2,2,2,1,5,1,2,2,1,2,,1,1,2,2,1,2,2,1,1,2,1,,1,2,1,2,1,1,2,1,2,2,1,1,2,2
76,Perfect,3fbd477a55d7bc00,112.17.235.33,298秒,,,1,女/female,3,1,3,1,1,,,1,3,1,2,2,1,2,1,1,1,2,,2,1,1,2,2,3,2,2,1,1,1,,2,3,1,2,1,3,2,1,1,2,2,,1,2,2,1,3,1,1,2,1,3,1,1,1,2
77,Perfect,f47dbfed77748283,140.243.202.81,323秒,,,1,女/female,3,1,4,2,1,,,2,3,3,3,2,3,2,2,2,3,3,,2,2,4,4,3,3,3,4,3,4,4,,2,3,4,4,4,3,4,5,3,3,4,,2,3,2,4,2,4,4,5,5,5,5,2,3,1
78,Perfect,c7ecde764a2ee248,220.162.28.158,348秒,,,1,男/male,3,1,5,2,1,,,2,2,2,4,2,4,5,5,5,5,4,,3,2,2,3,2,3,4,4,0,0,0,,2,2,2,3,2,4,4,4,5,4,5,,2,1,2,2,2,1,2,2,2,2,2,2,2,1
79,Perfect,42944d9de5d777db,117.136.91.56,129秒,,,1,男/male,3,1,6,3,1,,,2,3,2,3,2,3,3,2,2,3,1,,2,3,1,2,1,2,2,3,2,3,2,,1,2,1,2,1,2,1,2,1,2,1,,2,3,2,3,2,3,2,3,2,3,3,2,3,2
80,Perfect,a3071286a2a694d1,39.144.23.94,162秒,,,1,女/female,2,1,4,3,1,,,3,2,4,5,4,4,3,4,4,3,2,,5,4,5,4,2,4,4,5,4,5,5,,5,5,5,4,5,4,5,4,4,5,5,,2,1,2,5,2,2,3,2,2,3,1,2,3,3
81,Perfect,9d45c42c0375adc2,223.104.13.60,284秒,,,1,女/female,2,1,3,2,1,,,2,1,2,2,1,2,2,2,2,2,2,,2,2,2,1,5,5,2,1,2,2,2,,2,1,2,1,2,2,3,3,4,3,4,,2,1,2,2,1,2,2,1,2,1,2,2,2,1
82,Perfect,8f20d2080dc0e31c,101.87.122.120,230秒,,,1,男/male,3,1,4,2,1,,,3,3,3,5,5,2,3,3,3,3,3,,3,3,3,3,5,3,2,3,3,2,3,,3,3,3,3,4,3,3,4,3,3,4,,3,2,3,3,5,2,3,4,3,4,3,2,3,2
83,Perfect,f5e08e327f6afe80,117.183.158.31,110秒,,,1,女/female,2,1,5,3,1,,,2,3,1,2,2,3,3,1,3,3,1,,4,3,2,4,2,3,4,2,3,4,2,,4,3,2,4,2,3,3,3,4,3,4,,3,2,1,3,2,3,2,3,3,2,1,3,2,2
84,Perfect,8cccdb3e49a8b46d,183.8.142.117,228秒,,,1,男/male,3,1,3,2,1,,,2,1,1,2,1,1,2,1,1,1,1,,1,1,1,1,1,4,1,1,1,1,1,,1,1,1,1,1,1,1,1,1,1,1,,2,1,2,2,2,2,2,2,2,2,2,2,1,1
85,Perfect,fee00ca4ff7e1274,120.4.66.128,201秒,,,1,男/male,3,1,3,2,1,,,2,3,3,5,3,3,2,2,2,3,2,,2,2,2,2,4,2,1,3,1,3,1,,1,3,2,2,4,2,2,3,2,3,2,,2,3,4,4,3,2,1,3,1,3,3,2,1,2
86,Perfect,506b7233b3213437,101.87.122.120,215秒,,,1,女/female,3,1,3,3,1,,,3,3,4,2,2,4,3,3,3,2,1,,3,3,2,3,3,1,2,3,2,1,2,,2,2,2,3,3,1,3,3,3,3,3,,3,2,3,3,3,2,3,3,4,2,3,3,1,2
87,Perfect,3dd5c28f7a46f86d,112.224.65.56,104秒,,,1,女/female,3,1,2,2,1,,,2,2,3,3,2,2,2,2,4,2,2,,2,2,3,2,2,2,2,1,3,2,2,,3,5,3,2,2,2,2,3,3,3,3,,3,3,3,2,2,2,3,3,2,2,3,2,2,2
88,Perfect,e1893cf86e5312ec,223.104.90.109,198秒,,,1,女/female,2,1,3,2,1,,,2,1,2,2,2,1,2,2,2,3,2,,2,2,1,1,2,2,2,3,2,2,3,,2,2,1,1,2,2,1,1,1,1,2,,1,2,2,1,2,2,2,2,1,1,2,2,2,1
89,Perfect,47fe144eef409842,140.243.202.81,270秒,,,1,男/male,2,1,6,2,1,,,3,2,2,4,2,4,4,4,5,5,3,,4,3,2,5,2,4,4,4,5,3,3,,3,2,2,4,2,4,3,4,4,4,3,,2,2,2,4,2,2,2,3,2,2,2,3,2,2
90,Perfect,992cbc557cf1b3cc,39.144.2.71,165秒,,,1,女/female,3,2,3,4,1,,,3,4,3,4,2,2,2,1,3,3,4,,3,3,2,0,3,3,3,2,3,3,5,,2,2,2,2,3,3,2,3,2,2,4,,3,5,4,5,3,3,3,3,2,3,4,2,2,2
91,Perfect,fe7667d9776d29a2,36.98.166.175,83秒,,,1,女/female,2,1,2,2,1,,,1,2,2,3,3,2,1,1,2,2,2,,3,1,0,1,0,1,1,2,2,1,2,,0,0,0,0,0,0,4,3,4,4,4,,4,5,3,4,3,3,3,3,3,3,4,4,3,1
92,Perfect,b3038eb957915ee2,221.192.178.93,90秒,,,1,女/female,2,1,2,2,1,,,2,2,2,3,2,3,3,3,2,3,3,,3,2,3,3,3,4,4,4,4,4,4,,2,2,3,3,3,4,4,4,4,4,4,,2,2,3,4,3,3,3,3,2,2,3,2,2,1
93,Perfect,36c275408dee330f,182.37.11.201,184秒,,,1,女/female,2,1,1,2,1,,,2,3,3,3,2,3,2,2,2,2,1,,2,2,5,1,3,3,3,2,2,2,1,,5,4,5,5,3,3,3,4,5,3,3,,2,3,2,3,3,2,2,3,2,2,3,2,3,2
94,Perfect,b2f08ff402782dff,110.250.104.9,459秒,,,1,男/male,4,1,2,2,1,,,2,3,2,4,3,3,2,3,4,5,2,,2,3,4,5,4,3,3,4,3,4,2,,4,3,4,5,4,3,4,3,4,3,5,,2,3,2,1,2,3,2,3,2,3,2,2,2,2
95,Perfect,66c04934f642a12a,183.202.24.182,64秒,,,1,女/female,3,1,3,1,1,,,2,4,4,2,5,4,2,4,1,4,5,,1,4,5,4,3,3,0,0,2,5,4,,2,4,5,1,3,3,2,3,1,4,4,,1,3,1,2,4,5,1,3,2,4,3,2,3,3
96,Perfect,5f03a767d6cc74b1,101.228.33.58,268秒,,,1,女/female,2,1,3,2,1,,,2,2,1,3,2,2,3,2,2,2,3,,2,3,2,2,1,2,2,2,2,2,2,,2,1,2,2,1,2,2,2,1,2,2,,2,3,3,4,2,2,2,4,3,2,3,2,2,1
97,Perfect,c2f5bd395205a9e0,106.8.163.167,66秒,,,1,女/female,3,1,2,2,1,,,2,3,3,2,3,2,3,2,4,3,1,,3,2,5,3,3,3,3,2,2,3,1,,3,3,1,3,3,3,3,2,3,3,1,,3,3,2,4,3,2,3,3,2,3,2,3,3,2
98,Perfect,01693168c0eee3cf,223.104.197.202,323秒,,,1,女/female,4,1,6,1,1,,,1,2,1,3,1,2,1,2,1,2,2,,1,2,1,3,1,2,2,1,1,2,1,,1,2,1,3,1,2,1,2,1,2,1,,1,2,1,4,1,2,1,2,1,2,1,1,1,3
99,Perfect,482149214581b5ea,61.158.152.4,91秒,,,1,男/male,3,1,3,3,1,,,3,1,2,1,2,3,1,1,3,2,1,,2,2,1,2,5,4,3,3,5,3,1,,2,2,1,3,5,4,2,3,5,4,4,,3,4,2,5,4,1,1,3,5,4,2,3,4,2
100,Perfect,8005528471e7fd41,1.68.98.182,161秒,,,1,女/female,4,1,2,1,1,,,2,2,3,4,3,4,2,3,2,2,3,,2,2,3,4,3,4,2,3,2,2,3,,2,2,3,4,3,4,2,3,2,2,3,,2,2,3,4,3,3,2,3,2,2,3,1,1,1
101,Perfect,9b2209e9043a18c3,117.136.56.238,239秒,,,1,男/male,3,1,3,2,1,,,2,1,1,2,1,1,1,1,2,1,1,,1,1,1,2,1,1,2,2,2,1,1,,1,1,1,2,1,1,2,1,2,2,1,,1,1,1,1,1,1,1,2,1,2,1,1,2,2
102,Perfect,b2b77c2fd4ca0854,110.250.95.27,49秒,,,1,女/female,3,2,2,3,1,,,2,4,2,3,3,5,3,3,3,3,1,,3,5,2,4,4,2,3,5,3,5,1,,2,2,2,4,4,2,3,4,2,4,3,,3,2,2,4,5,3,3,1,4,5,3,3,1,1
103,Perfect,425c167207e5206f,120.4.66.128,310秒,,,1,女/female,3,1,4,2,1,,,2,3,3,3,1,2,2,4,1,2,1,,1,2,2,4,3,2,1,3,1,2,2,,1,1,2,4,3,2,2,3,2,3,3,,1,2,2,4,2,3,2,2,2,1,4,2,2,3
104,Perfect,f1f5acf05bf1dd05,223.104.66.207,101秒,,,1,女/female,2,1,3,2,1,,,2,4,4,4,3,2,3,4,3,3,3,,3,3,2,4,3,3,3,4,3,3,2,,4,4,2,4,3,3,3,3,3,3,3,,3,3,1,3,2,3,4,3,4,4,3,4,4,2
105,Perfect,a6da8284ad4b9c0b,117.181.59.70,78秒,,,1,女/female,3,1,3,2,2,,,1,5,1,1,4,3,3,2,2,3,3,,1,3,2,4,4,4,2,4,3,3,2,,4,3,2,4,4,4,1,2,3,4,2,,2,4,4,4,3,2,3,4,3,2,1,3,2,2
106,Perfect,c32a420e2cba05a6,39.144.2.71,361秒,,,1,男/male,2,2,2,2,2,,,4,3,5,4,3,2,3,4,3,3,3,,1,3,1,3,4,2,1,3,2,5,3,,3,1,3,3,4,2,3,5,2,3,4,,3,5,3,4,2,3,4,5,2,3,3,2,3,2
107,Perfect,cf98e6a3307172f3,223.104.14.124,212秒,,,1,女/female,2,1,2,2,1,,,2,1,2,1,2,2,1,1,2,1,2,,1,1,1,2,2,1,3,2,1,1,2,,2,2,1,2,2,1,1,1,2,1,2,,1,2,1,1,2,1,2,1,2,2,1,2,2,2
108,Perfect,51863a0032480e14,101.87.122.120,272秒,,,1,女/female,3,1,4,3,1,,,3,4,3,4,3,2,2,3,2,1,3,,3,3,4,3,2,4,3,1,4,3,4,,3,2,4,3,2,4,3,2,2,3,3,,2,3,3,3,2,1,2,3,2,1,1,2,2,2
109,Perfect,7c140cb4ceba0565,39.186.62.79,325秒,,,1,男/male,3,1,3,2,1,,,1,2,2,1,3,3,2,2,1,3,2,,2,1,2,2,2,1,2,2,1,2,3,,1,2,3,2,2,1,2,1,2,1,3,,1,1,3,2,1,2,2,2,1,2,2,2,2,3
110,Perfect,09c82043dea04e7f,60.221.136.219,125秒,,,1,男/male,3,1,3,2,1,,,2,1,2,2,1,2,2,1,2,2,1,,2,1,1,2,1,2,2,2,1,2,2,,2,1,1,2,1,2,1,2,2,1,2,,1,2,1,2,2,1,2,1,1,2,2,2,2,1
111,Perfect,6203803c1048cefb,112.17.237.228,268秒,,,1,男/male,4,1,5,1,1,,,2,1,2,1,3,2,3,1,3,1,3,,1,2,2,2,3,1,3,1,2,1,1,,2,1,2,2,3,1,2,1,1,3,1,,2,1,2,1,2,1,3,1,2,2,2,3,1,2
112,Perfect,e3f18ade21db0f86,60.221.136.219,209秒,,,1,女/female,3,1,3,2,1,,,2,1,2,2,1,2,1,2,2,2,1,,2,1,2,2,1,2,2,1,1,1,2,,2,3,2,2,1,2,1,2,2,1,2,,1,2,2,1,2,2,2,1,2,1,1,2,1,1
113,Perfect,07933e6284a07cab,39.186.62.79,302秒,,,1,女/female,3,1,4,1,1,,,2,1,3,3,1,1,2,2,1,3,1,,2,1,1,3,2,1,3,1,2,1,3,,2,1,1,3,2,1,2,1,2,1,2,,2,2,3,2,3,2,1,2,2,2,1,2,1,2
114,Perfect,4713e1fd70b94aac,183.197.78.251,382秒,,,1,女/female,2,1,3,4,1,,,3,2,2,2,3,3,3,3,2,3,4,,3,4,2,4,4,4,3,4,3,4,3,,4,5,3,4,4,4,4,4,5,4,3,,3,4,4,3,4,4,3,4,4,3,3,2,4,2
115,Perfect,6560b5b6d5cc3fce,42.90.143.192,270秒,,,1,女/female,2,1,2,4,1,,,3,4,4,4,3,2,2,5,3,4,5,,2,3,5,4,4,2,3,4,3,2,3,,4,3,4,4,4,2,4,4,3,2,4,,2,3,4,4,3,2,4,4,3,2,2,2,4,1
116,Perfect,fa457b9bd92cab6f,117.136.4.120,79秒,,,1,女/female,3,1,4,1,2,,,1,3,2,5,4,2,2,5,3,1,4,,1,4,5,2,5,4,3,4,2,5,4,,2,4,5,2,5,4,2,5,2,5,3,,2,5,4,2,4,1,2,5,3,5,4,2,4,2
117,Perfect,10c555746424f92f,117.141.128.71,173秒,,,1,女/female,2,1,3,4,1,,,3,2,2,3,2,2,2,3,3,2,3,,2,2,2,4,3,2,2,3,3,2,3,,4,3,2,4,4,2,2,2,4,4,4,,2,2,2,4,2,2,3,3,2,2,2,2,4,1
118,Perfect,91390f1cb34e18f9,117.136.95.227,84秒,,,1,女/female,2,1,3,2,1,,,2,2,3,3,3,2,3,2,3,3,3,,2,2,5,3,1,4,3,3,2,2,2,,5,5,5,3,4,4,4,4,4,4,4,,2,2,3,2,2,3,2,2,2,2,2,2,2,2
1,Overweight,,111.194.45.25,59秒,,,1,男/male,4,2,4,3,2,,,4,1,3,5,3,2,2,4,4,3,2,,4,2,3,4,3,2,3,4,3,3,3,,4,3,2,5,2,1,2,2,3,3,2,,4,3,2,4,5,2,4,4,4,1,3,2,3,
2,Overweight,444cqUSwQ-nQhjSf9BSyjpJ0,111.194.45.25,61秒,,,1,男/male,4,2,3,3,2,,,4,4,4,4,4,5,2,3,4,3,3,,4,3,2,4,1,2,2,1,4,4,1,,5,5,3,1,3,3,3,2,5,5,3,,5,2,2,3,3,3,3,2,4,4,3,3,4,2
3,Overweight,HECFb62p,223.74.216.135,214秒,,,1,女/female,3,1,3,2,1,,,5,4,5,4,5,4,5,5,4,4,5,,4,5,5,4,3,4,5,4,5,4,5,,1,2,3,2,1,2,2,1,2,3,1,,2,1,2,3,1,2,2,1,2,2,3,2,2,1
4,Overweight,12TMmQZ9,111.15.18.118,336秒,,,1,女/female,3,1,4,4,1,,,2,2,3,2,2,4,2,4,2,2,3,,4,3,2,3,2,4,3,4,2,2,3,,2,1,3,2,1,2,1,2,2,1,2,,2,2,1,4,2,3,2,1,2,1,1,1,2,2
5,Overweight,jczG0lhn,113.110.252.153,235秒,,,1,女/female,3,1,3,2,1,,,2,2,3,3,2,2,2,2,2,2,2,,3,4,4,4,4,4,5,3,3,4,4,,2,1,3,2,1,1,2,1,1,2,1,,1,2,2,4,3,3,4,5,4,5,5,2,2,1
6,Overweight,FYWs5dfL,223.74.216.135,1秒,,,1,女/female,3,1,3,2,1,,,5,5,4,5,4,5,4,5,5,4,4,,5,5,4,3,4,5,5,4,5,5,3,,2,1,3,2,1,2,2,1,3,2,1,,5,4,5,3,4,5,4,5,4,3,4,1,2,1
7,Overweight,xDWpzANV,202.126.88.165,99秒,,,1,男/male,4,1,4,1,1,,,2,1,1,1,1,1,2,2,1,1,2,,1,2,2,1,2,2,2,1,2,2,2,,1,2,1,2,2,2,1,2,2,1,2,,3,1,2,2,2,2,1,2,2,1,1,1,2,2
8,Overweight,D1owlGvt,14.30.34.206,234秒,,,1,女/female,3,1,3,3,1,,,4,5,4,5,4,5,4,3,5,5,4,,4,3,4,5,4,5,5,4,5,4,4,,2,1,3,2,2,2,2,1,2,1,2,,5,5,4,5,4,4,5,4,5,5,3,2,2,2
9,Overweight,pPUGcRwG,59.48.240.106,108秒,,,1,女/female,2,1,2,1,1,,,2,3,2,2,3,2,4,2,4,2,2,,4,4,3,5,3,2,4,3,4,3,4,,4,3,3,3,4,3,4,1,4,3,1,,2,1,1,3,2,3,3,3,2,1,3,2,2,2
10,Overweight,ARYTjwyi,171.107.74.244,240秒,,,1,女/female,2,1,4,3,1,,,2,2,3,2,2,2,2,3,3,4,4,,2,3,3,2,2,2,4,4,2,4,3,,3,2,2,2,2,3,2,3,4,4,5,,2,2,2,2,2,2,2,4,2,2,2,2,4,3
11,Overweight,QCDonizo,183.193.35.173,174秒,,,1,女/female,2,1,4,3,2,,,2,2,1,5,2,2,1,2,4,4,1,,4,4,3,5,2,2,5,3,4,4,5,,1,1,1,1,1,2,2,2,2,1,1,,2,2,5,2,2,3,3,3,1,2,2,2,4,2
12,Overweight,s2Sc4xaU,220.162.29.216,396秒,,,1,女/female,3,1,4,2,1,,,4,5,3,3,4,4,3,4,4,5,4,,4,4,4,5,5,4,5,5,3,4,3,,2,3,3,3,2,3,2,3,3,2,2,,5,5,4,5,5,4,4,4,4,3,5,2,3,1
13,Overweight,44FK068t,1.92.139.19,394秒,,,1,女/female,2,1,3,1,1,,,5,5,5,5,5,5,5,5,5,5,5,,5,5,5,5,5,5,5,5,5,5,5,,5,5,5,5,4,5,5,5,5,5,4,,4,5,5,5,5,5,5,5,5,5,4,1,1,3
14,Overweight,BDubBBuQ,1.92.139.19,255秒,,,1,男/male,3,1,4,1,1,,,5,4,5,5,3,4,5,3,5,4,4,,3,4,4,3,5,3,5,3,5,3,3,,5,3,5,4,3,4,3,2,5,5,5,,5,4,5,4,5,4,4,3,5,5,4,5,1,2
15,Overweight,Ow5r0uJB,111.58.28.1,265秒,,,1,女/female,2,1,3,2,1,,,2,1,2,1,2,1,2,1,2,1,1,,3,3,3,4,4,1,4,4,4,3,4,,4,3,4,4,3,3,4,3,3,3,4,,4,4,3,4,4,4,4,3,3,4,4,2,2,2
16,Overweight,SKTzX1mC,223.104.22.171,224秒,,,1,女/female,2,1,3,2,1,,,5,5,4,4,4,3,3,2,3,3,4,,4,4,4,4,3,3,4,3,4,4,3,,5,4,2,3,4,3,3,3,5,4,4,,5,5,3,5,4,3,3,2,3,4,4,2,2,2
17,Overweight,NYx9HabK,111.58.28.1,246秒,,,1,女/female,2,1,2,2,1,,,4,4,4,4,3,3,4,4,3,2,3,,3,4,3,3,4,4,4,3,3,4,4,,4,4,4,3,4,4,4,3,4,2,2,,2,3,4,3,2,3,2,1,2,3,3,2,2,1
18,Overweight,fsKisS2c,111.58.28.1,282秒,,,1,女/female,2,1,2,2,1,,,1,2,2,2,2,2,2,2,3,1,2,,3,3,2,1,2,1,2,1,2,3,1,,3,3,2,2,1,1,2,1,3,3,1,,2,1,3,3,2,2,2,2,2,2,1,2,2,2
19,Overweight,dNbQg6Ya,223.104.49.223,297秒,,,1,男/male,4,1,2,1,2,,,2,2,2,3,1,2,4,5,5,5,4,,2,2,1,2,2,1,4,5,5,5,5,,2,1,3,2,1,2,5,4,5,4,5,,2,2,1,1,2,1,4,5,5,4,5,2,1,1
20,Overweight,g3kH4ivf,220.162.225.170,183秒,,,1,女/female,3,1,2,1,2,,,2,1,2,2,2,1,5,5,5,5,4,,1,1,1,2,1,2,5,5,4,5,4,,2,2,1,2,1,1,4,5,5,5,4,,2,1,1,1,2,1,4,5,5,5,4,2,1,3
21,Overweight,rfKLWRY0,223.104.49.12,235秒,,,1,男/male,4,1,2,1,2,,,2,2,1,2,1,1,5,5,4,4,4,,2,1,2,2,2,1,5,4,5,4,4,,2,1,1,1,2,1,4,5,4,5,4,,2,1,2,1,2,1,2,2,2,1,2,1,1,3
22,Overweight,VgmDKlom,101.31.9.99,233秒,,,1,女/female,3,1,3,2,1,,,3,2,3,4,3,2,3,4,4,3,2,,3,2,4,4,3,4,4,3,3,4,4,,4,4,3,4,4,2,5,3,3,3,2,,2,3,4,2,4,2,4,2,4,2,3,3,2,3
23,Overweight,ZZlRAdZn,117.136.47.115,190秒,,,1,男/male,3,1,3,3,1,,,3,4,2,4,2,3,3,3,3,2,3,,2,4,3,2,4,2,2,3,3,2,2,,2,2,3,2,3,2,2,3,4,3,3,,3,3,3,4,2,2,2,2,3,2,2,2,3,2
24,Overweight,MxLcUlZe,223.88.158.106,220秒,,,1,男/male,4,1,4,1,1,,,4,5,5,5,5,4,4,5,4,4,5,,5,4,4,5,5,4,4,5,5,5,4,,2,1,2,1,2,1,1,2,1,2,1,,4,5,5,4,5,5,4,5,4,4,5,1,1,2
25,Overweight,SPDoblgu,116.162.2.84,255秒,,,1,女/female,4,1,6,1,2,,,3,4,5,4,3,5,4,3,4,5,4,,5,4,4,5,4,4,4,4,5,5,5,,5,5,5,5,4,4,5,4,4,5,5,,5,4,4,5,4,5,4,4,5,5,4,1,2,1
26,Overweight,vFVKcpP0,119.251.182.182,286秒,,,1,女/female,3,1,3,1,1,,,2,1,3,2,1,4,2,1,4,2,3,,2,3,5,3,2,1,4,2,2,3,1,,2,1,4,2,1,3,4,1,4,2,1,,1,2,1,4,2,1,1,2,1,4,2,2,3,2
27,Overweight,h30Ca41c,42.90.133.217,221秒,,,1,女/female,4,1,3,2,1,,,2,2,4,2,3,2,2,3,2,2,2,,4,4,5,3,4,3,2,3,2,3,4,,2,3,3,4,2,2,2,3,2,2,3,,2,3,3,2,4,2,2,4,2,3,2,2,2,3
28,Overweight,XEwvUAfM,42.90.133.217,243秒,,,1,男/male,3,1,3,2,1,,,1,2,3,2,3,2,2,3,3,2,2,,2,3,3,3,2,3,2,3,2,3,2,,2,4,2,4,2,2,2,2,2,3,4,,2,2,4,2,3,2,2,3,2,3,1,2,1,1
29,Overweight,rKUapqzs,120.235.5.207,231秒,,,1,女/female,3,1,3,3,1,,,3,3,1,4,2,2,2,2,2,3,3,,2,3,3,3,2,2,3,3,2,3,3,,2,2,3,3,3,2,2,3,2,3,3,,2,2,3,4,3,3,2,2,3,3,2,3,2,1
30,Overweight,pUjvgrD1,140.243.164.84,56秒,,,2,男/male,3,3,3,,2,,,3,4,5,5,3,3,2,2,5,3,4,,2,3,4,2,3,3,4,3,3,3,2,,5,4,4,3,5,4,4,3,4,4,2,,3,3,2,5,4,3,2,3,3,4,2,5,4,2
31,Overweight,VdJ7K2Gz,112.224.65.56,171秒,,,1,女/female,3,1,3,2,1,,,2,2,2,3,2,2,3,2,3,2,2,,3,3,2,3,3,3,4,4,4,3,4,,3,3,4,4,3,3,2,2,2,2,2,,2,2,2,2,2,2,4,4,4,4,4,2,2,1
32,Overweight,qgHjlfQu,111.29.166.178,127秒,,,1,女/female,2,1,3,4,1,,,4,2,4,4,5,3,4,3,5,4,3,,4,3,3,4,5,2,4,5,5,3,4,,2,1,3,2,1,2,3,1,1,4,4,,2,2,3,2,3,3,3,2,3,2,5,3,2,3
33,Overweight,BjNFxNH8,223.11.177.152,77秒,,,1,女/female,3,1,2,2,1,,,3,3,3,2,3,3,3,3,1,4,4,,4,4,4,4,2,3,3,3,3,3,4,,2,3,2,3,3,3,2,2,4,4,4,,3,4,4,2,4,4,4,4,4,3,1,3,2,2
34,Overweight,gDnNXcjW,183.94.106.114,155秒,,,1,女/female,3,1,4,2,1,,,4,4,5,5,5,4,4,5,4,4,5,,3,3,2,3,3,2,3,3,3,3,4,,2,2,2,2,3,2,2,2,2,2,3,,2,1,1,2,1,2,1,1,1,1,2,2,2,1
35,Overweight,oqhLtknS,117.181.112.93,210秒,,,1,女/female,3,1,3,2,1,,,3,3,4,4,2,3,4,4,4,3,4,,3,3,4,4,4,4,4,4,3,4,5,,3,4,4,4,4,3,4,4,3,4,4,,4,5,5,5,5,5,4,4,4,4,4,2,2,1
36,Overweight,fc254d4007c81c99,59.109.146.225,287秒,,,1,男/male,4,1,4,4,1,,,2,2,3,4,3,4,3,4,3,2,3,,3,4,4,5,3,4,4,4,3,4,4,,2,2,3,4,2,3,2,3,2,2,3,,2,2,3,3,2,3,2,3,2,2,3,2,4,3
37,Overweight,aa08bd9c2beede79,110.228.57.58,459秒,,,1,女/female,4,1,2,2,1,,,2,1,1,2,2,1,2,1,2,2,3,,2,2,2,1,2,1,2,2,2,3,2,,2,2,1,2,1,2,2,1,2,3,2,,1,2,2,1,3,1,2,3,2,2,1,2,1,3
38,Overweight,561150e4627ac855,223.98.104.221,340秒,,,1,女/female,3,1,4,2,1,,,2,1,2,1,1,2,2,2,1,2,1,,2,2,1,1,2,2,3,2,3,3,3,,2,1,1,2,1,2,3,3,2,2,3,,2,1,2,2,1,1,1,1,2,1,1,2,2,2
39,Overweight,da15c20a548580dd,111.29.166.178,84秒,,,1,女/female,3,1,3,1,1,,,5,4,3,3,3,2,2,3,3,3,3,,3,2,4,4,5,3,2,2,4,2,4,,3,2,5,4,3,2,2,4,3,3,4,,4,4,2,4,3,2,3,2,3,4,3,3,2,2
40,Overweight,5cd82823e641bb4f,183.202.24.182,104秒,,,1,女/female,3,1,3,2,2,,,5,4,2,3,4,2,1,3,2,4,4,,1,3,4,5,3,1,2,4,3,5,3,,1,3,3,5,4,1,2,2,1,3,5,,1,3,4,5,1,2,2,2,2,3,4,2,1,2
41,Overweight,7ffd33c83ab6ffd9,117.136.31.73,85秒,,,1,女/female,3,1,6,2,1,,,4,3,4,4,4,4,4,4,4,3,5,,4,4,4,5,4,4,5,4,4,4,5,,3,2,3,1,3,2,3,3,1,1,2,,5,4,5,3,3,3,4,4,4,4,5,2,1,1
42,Overweight,2688be85a98a557b,202.102.252.83,87秒,,,1,男/male,2,1,5,1,1,,,1,1,2,1,1,2,3,2,2,2,2,,4,4,3,5,5,4,5,2,5,3,2,,4,3,3,4,4,4,3,3,4,3,1,,4,3,5,4,4,4,4,3,4,4,4,3,4,3
43,Overweight,debdc6b6b4248591,118.80.58.122,275秒,,,1,女/female,3,1,1,2,1,,,3,2,2,3,3,2,3,3,2,2,3,,2,2,3,3,3,2,2,2,2,2,3,,2,2,2,2,3,3,2,2,3,2,2,,2,2,2,2,2,2,2,2,2,2,2,2,2,2
44,Overweight,45e5461cd17f6d45,124.238.104.15,321秒,,,1,男/male,2,1,3,1,1,,,2,1,5,2,1,4,3,1,5,2,1,,2,3,5,2,5,1,3,1,4,2,1,,5,2,1,5,2,3,4,2,4,1,2,,4,2,5,2,1,3,3,2,2,5,2,2,2,1
45,Overweight,bf66fd33d9accb82,118.80.224.171,304秒,,,1,女/female,3,1,5,1,1,,,1,2,1,3,1,2,1,2,1,2,1,,1,2,1,3,1,2,1,2,1,2,1,,5,4,3,5,4,5,5,4,5,4,5,,4,5,4,5,3,5,4,5,4,5,3,1,1,1
46,Overweight,c01625deef2f2409,117.136.90.70,235秒,,,1,女/female,4,1,3,2,1,,,3,4,3,3,2,4,3,3,3,3,3,,4,4,3,3,4,4,4,4,4,4,4,,4,4,4,3,4,4,5,5,4,4,4,,3,2,3,3,4,3,3,4,4,4,4,2,2,3
47,Overweight,1c84a14397908c8f,118.80.58.122,205秒,,,1,女/female,3,1,2,2,1,,,3,3,2,2,2,2,3,3,2,2,2,,2,2,2,2,2,2,2,3,2,2,2,,2,2,2,1,2,2,2,2,2,2,2,,2,2,2,2,2,2,2,2,2,2,2,2,2,1
48,Overweight,c0773b83ab52c977,183.162.82.62,420秒,,,1,男/male,2,1,3,3,1,,,3,4,3,4,2,4,4,5,3,2,4,,3,3,4,4,2,4,3,5,3,2,4,,3,3,4,4,2,4,3,5,3,2,5,,3,3,5,5,2,3,3,4,3,3,4,2,2,1
49,Overweight,9312affe607e262b,223.104.197.197,165秒,,,1,男/male,2,1,4,2,1,,,3,3,4,4,3,3,3,3,4,4,2,,2,2,3,3,2,2,2,2,2,2,3,,2,2,2,3,2,2,2,2,2,2,2,,2,2,2,4,2,2,2,2,2,2,1,1,1,2
50,Overweight,dc57388aef908a0e,39.144.177.176,233秒,,,1,男/male,3,1,4,1,1,,,5,4,5,4,5,4,4,5,4,4,5,,4,4,5,4,4,5,4,5,4,5,5,,1,2,1,2,2,1,1,2,1,2,1,,5,4,5,5,4,5,5,4,5,5,4,2,2,2
51,Overweight,967b2854f8ac1e9b,117.136.90.70,171秒,,,1,女/female,2,1,2,2,1,,,3,4,4,3,3,4,2,3,3,2,2,,4,4,4,4,4,3,4,4,4,4,4,,3,3,3,4,3,4,3,3,2,2,2,,2,2,2,2,2,4,2,2,2,2,3,2,2,2
52,Overweight,69245accf41ee3d3,125.94.159.78,263秒,,,1,女/female,3,1,4,2,1,,,2,2,1,2,1,2,4,4,4,5,4,,4,5,4,4,5,4,4,5,4,5,4,,2,2,3,1,2,2,2,2,2,2,1,,4,5,4,4,5,4,4,5,4,5,4,2,2,2
53,Overweight,50e9fe60eef5634f,118.80.191.69,405秒,,,1,男/male,3,1,2,2,1,,,2,2,4,4,3,3,2,3,2,2,3,,2,2,3,4,3,4,3,4,2,2,3,,0,0,0,0,0,0,2,3,2,2,3,,2,2,3,4,4,3,2,3,2,2,3,2,1,1
54,Overweight,b80ad0b6fb4c2e98,223.104.9.231,252秒,,,1,女/female,3,1,3,3,1,,,2,2,3,2,2,3,4,4,3,3,2,,3,3,2,3,3,3,4,4,3,4,2,,2,2,3,2,2,3,2,2,2,1,2,,2,1,2,5,3,2,3,2,2,2,1,1,3,1
55,Overweight,536659aefc8131a8,111.33.249.172,220秒,,,1,男/male,3,1,5,2,1,,,2,2,2,3,3,3,2,3,2,2,2,,2,2,2,3,3,3,2,2,2,2,2,,2,2,3,3,3,3,2,3,2,3,3,,2,3,2,2,2,2,2,2,2,2,2,3,2,2
56,Overweight,72c430bd466524a9,183.193.125.181,210秒,,,1,女/female,2,1,5,2,1,,,3,2,1,2,3,2,2,2,2,2,1,,3,2,2,2,1,2,2,2,2,2,1,,2,2,2,1,2,2,2,1,2,2,1,,4,3,4,4,3,3,3,4,3,3,4,2,2,1
57,Overweight,478f33838c228ec8,118.80.58.122,166秒,,,1,男/male,3,1,2,2,1,,,3,3,3,3,3,2,2,2,2,2,2,,2,2,2,2,2,2,3,2,2,2,2,,2,2,2,2,2,2,2,2,2,2,2,,2,2,2,2,2,2,2,2,2,2,2,2,2,1
58,Overweight,b369f449447f7645,183.193.125.181,223秒,,,1,女/female,3,1,4,2,1,,,2,1,2,1,2,2,1,1,2,2,1,,3,2,1,2,2,1,1,1,3,2,2,,1,3,2,2,2,1,2,1,2,2,2,,4,3,4,4,4,3,4,4,4,4,3,2,1,1
59,Overweight,e663198ceefa4b5a,183.193.125.181,239秒,,,1,男/male,2,1,4,2,1,,,1,2,1,2,2,2,2,1,2,2,2,,2,2,1,1,2,1,2,1,2,1,2,,2,1,3,1,2,1,1,1,3,1,2,,3,3,3,4,4,3,4,4,3,3,4,2,2,1
60,Overweight,29a068a08aa3dee2,183.193.125.181,338秒,,,1,男/male,2,1,4,2,1,,,2,1,1,2,2,1,2,1,2,1,2,,2,1,2,2,1,2,1,2,2,1,2,,2,1,2,1,2,1,1,2,1,1,2,,4,3,3,4,4,3,4,3,4,3,4,2,2,1
61,Overweight,d1f02e2f5a2da06d,118.80.146.138,431秒,,,1,男/male,2,2,4,2,1,,,1,1,2,3,4,5,2,3,3,5,1,,2,4,1,3,4,4,1,3,4,3,2,,3,1,2,5,3,1,2,5,1,2,3,,1,2,3,4,5,1,2,5,2,3,1,2,1,2
62,Overweight,04e67eef1d8fe1d5,183.94.104.190,234秒,,,1,女/female,2,1,3,3,1,,,2,3,2,3,2,1,4,4,4,4,4,,3,4,4,5,2,2,2,2,3,3,2,,4,3,2,2,2,2,4,4,4,4,2,,3,4,3,2,2,2,4,3,3,3,3,3,2,2
63,Overweight,738fae3050be784d,120.230.49.170,289秒,,,1,女/female,2,1,2,3,1,,,2,2,2,3,2,1,2,3,3,3,3,,2,2,2,3,3,1,3,4,2,3,3,,2,3,3,4,2,2,2,2,2,3,2,,2,3,2,4,2,1,2,3,2,2,2,3,2,2
64,Overweight,e2065522b150e722,223.104.111.131,203秒,,,1,男/male,3,1,3,2,1,,,4,3,3,4,2,2,3,2,2,3,2,,4,5,4,3,3,4,4,3,3,2,3,,2,3,2,2,3,2,3,2,2,2,3,,3,2,2,3,2,2,3,2,3,2,3,2,3,1
65,Overweight,c575d17287f28abc,144.12.73.49,100秒,,,1,女/female,2,1,1,2,1,,,2,3,2,3,2,3,3,4,1,2,3,,1,3,2,3,3,1,2,2,2,2,3,,3,1,2,3,2,1,3,1,3,2,1,,1,4,2,3,1,3,1,2,3,2,1,2,2,2
66,Overweight,2d484ccd4aec2883,113.14.230.27,172秒,,,1,男/male,2,1,2,2,1,,,2,3,2,3,3,4,2,3,3,2,3,,4,4,3,5,5,4,4,3,4,3,4,,3,3,4,3,4,3,3,4,3,3,4,,2,2,3,2,3,2,3,2,3,2,3,2,3,3
67,Overweight,112dfb41b8a26595,223.104.14.17,80秒,,,1,女/female,3,1,3,1,1,,,1,2,4,4,3,5,3,5,1,4,2,,1,3,2,5,4,2,2,3,2,4,3,,1,2,3,5,3,4,1,3,2,4,3,,2,4,4,5,4,1,2,3,1,4,4,2,2,2
68,Overweight,b0b559bac0c25333,101.87.122.120,68秒,,,1,女/female,4,2,3,3,1,,,3,4,3,3,3,2,3,4,2,1,2,,3,3,3,2,2,2,2,3,2,3,2,,4,4,3,2,3,2,2,3,2,2,2,,3,2,3,3,3,2,2,2,3,3,2,4,2,1
69,Overweight,0efdd7f6958aa2f4,39.148.32.33,477秒,,,1,女/female,6,1,2,2,2,,,4,3,2,4,2,3,3,5,4,5,4,,2,3,1,4,2,3,5,3,2,4,5,,1,2,3,4,2,4,2,3,4,1,3,,2,3,4,5,1,4,2,3,2,3,4,2,3,2
70,Overweight,0895706e9c9c601d,223.78.249.10,500秒,,,1,男/male,3,1,3,2,1,,,4,4,5,5,4,4,4,5,5,4,4,,4,4,4,5,4,4,4,5,4,4,4,,4,5,3,4,4,4,5,4,5,4,4,,4,4,5,5,4,4,4,5,4,4,5,2,2,1
71,Overweight,f8df8fcefe3d9cb7,222.210.48.25,237秒,,,1,男/male,2,1,3,2,1,,,2,2,2,2,2,2,3,4,2,2,3,,2,2,2,3,2,3,3,3,2,2,3,,2,2,3,3,2,2,3,3,2,2,3,,2,2,2,4,2,2,3,4,3,2,2,3,2,1
72,Overweight,583c04eb9f1bf703,42.94.55.164,266秒,,,1,女/female,3,1,3,3,1,,,2,3,1,4,2,2,2,3,3,2,3,,2,3,2,3,3,2,1,2,3,3,4,,2,2,3,1,2,3,1,3,2,2,2,,2,2,2,3,2,1,1,2,2,2,3,2,2,2
73,Overweight,dc87ee35ab9554ac,183.198.94.233,230秒,,,1,男/male,3,1,3,2,1,,,4,3,4,5,4,3,4,4,4,4,5,,2,1,3,2,5,4,2,2,2,2,1,,2,1,2,1,2,1,2,2,2,2,2,,2,1,2,2,1,2,2,1,2,2,2,4,2,2
74,Overweight,7f67a18167bea0b2,106.122.166.180,263秒,,,1,女/female,2,1,5,4,1,,,3,2,2,3,2,2,4,4,3,3,4,,4,5,4,4,3,2,3,4,4,4,5,,2,2,3,3,2,2,2,3,3,3,4,,2,2,1,4,2,2,2,3,2,2,3,2,3,1
75,Overweight,eafff395d48901d1,120.235.5.207,327秒,,,1,女/female,3,1,4,3,1,,,2,2,3,2,3,3,3,3,3,2,3,,3,3,3,3,3,3,3,3,2,3,3,,3,2,3,2,3,3,3,2,2,3,3,,2,2,3,4,3,2,3,2,3,2,3,3,3,2
76,Overweight,bbb5052c74ae601e,111.41.133.179,246秒,,,1,男/male,4,1,3,1,1,,,2,1,2,2,3,2,2,1,2,2,1,,2,1,1,2,1,1,2,1,1,1,1,,1,2,2,1,2,1,1,1,2,3,2,,2,2,2,2,2,1,2,1,2,2,1,1,2,2
77,Overweight,a3875afcc98581d0,39.144.2.71,107秒,,,1,女/female,4,2,3,3,1,,,3,3,3,4,3,3,3,4,4,4,2,,3,4,3,4,4,2,2,4,3,3,2,,3,3,4,4,2,3,4,3,4,4,4,,4,4,3,3,3,2,3,3,3,4,4,3,4,2
78,Overweight,f36fe665aa9d6be6,118.80.58.122,242秒,,,1,女/female,3,1,1,2,1,,,2,2,2,2,3,3,2,2,2,2,2,,2,2,2,2,2,2,3,3,2,2,2,,2,2,2,2,2,2,2,2,2,2,2,,2,2,2,2,2,2,2,2,2,2,2,2,2,1
79,Overweight,781c5ac320384e21,223.104.194.58,290秒,,,1,男/male,3,1,4,1,1,,,1,2,3,2,1,2,2,1,2,1,2,,1,3,2,1,3,2,1,2,1,2,1,,2,3,1,2,1,2,1,2,1,3,2,,1,3,2,2,1,3,1,2,2,1,2,2,2,2
80,Overweight,76e0e2a4a6aaf9f8,113.57.182.87,243秒,,,1,女/female,3,1,4,2,1,,,4,5,5,5,4,4,5,4,4,4,5,,2,2,1,2,1,2,2,1,2,1,2,,2,1,2,1,2,2,1,2,2,2,2,,4,5,5,4,4,5,4,5,5,4,5,4,2,1
81,Overweight,7cde37f1c35ca246,120.229.55.167,178秒,,,1,女/female,4,1,3,2,1,,,2,2,3,3,3,4,4,4,3,3,3,,4,4,4,4,4,4,4,4,4,4,4,,2,1,2,1,2,2,1,2,2,1,2,,2,1,2,2,2,2,2,1,2,2,2,2,2,1
82,Overweight,9f856e41c0d6b082,202.126.89.213,225秒,,,1,女/female,3,1,5,1,1,,,2,2,2,2,2,2,2,2,2,2,1,,4,3,4,4,4,5,5,4,4,5,4,,2,2,2,1,1,2,2,2,2,2,1,,2,1,2,2,2,2,2,2,1,2,2,3,2,2
83,Overweight,cb9b224118ad2466,118.80.224.171,340秒,,,1,女/female,4,1,4,1,1,,,1,2,1,3,1,2,1,2,1,2,2,,2,2,1,4,1,2,1,2,1,2,1,,2,4,3,4,2,4,4,5,4,5,4,,5,3,5,4,3,4,4,5,4,5,4,2,1,2
84,Overweight,235743d0d11b5d6b,113.246.196.82,261秒,,,1,女/female,3,1,2,4,1,,,2,2,3,4,3,3,3,3,3,2,3,,3,3,5,5,3,3,4,4,2,3,3,,2,2,3,2,2,3,2,2,2,2,3,,3,4,2,5,3,2,2,2,2,3,2,3,4,1
85,Overweight,f58013f1a53b9db4,111.29.166.178,110秒,,,1,女/female,3,1,4,2,2,,,5,4,3,3,3,3,2,2,3,3,4,,3,4,4,3,4,4,2,2,4,5,2,,1,2,3,2,3,2,3,2,2,1,3,,3,3,3,4,3,1,3,4,4,3,4,3,2,2
86,Overweight,832299f396b6c5ad,112.67.95.40,190秒,,,1,女/female,2,1,2,3,1,,,2,2,3,4,2,3,4,4,3,4,3,,2,2,3,4,3,4,5,5,4,4,3,,4,4,4,5,4,5,4,5,4,4,3,,5,4,5,5,4,5,5,5,4,5,4,3,4,1
87,Overweight,258c705295506f14,112.49.230.110,170秒,,,1,女/female,2,1,2,3,1,,,3,3,2,2,2,2,3,3,2,2,3,,3,3,4,2,3,2,3,3,2,3,2,,3,2,3,3,2,2,2,2,2,2,2,,4,4,3,4,2,1,2,2,3,4,1,3,2,1
88,Overweight,d9ca7648d3b9fb5a,112.49.230.110,68秒,,,2,女/female,3,1,3,2,2,,,3,3,3,3,2,2,3,4,1,2,1,,2,3,3,3,3,2,1,2,3,4,3,,3,4,4,2,2,3,3,3,2,3,2,,3,3,3,3,3,2,3,3,2,3,2,3,3,2
89,Overweight,4a341dc963eeab25,112.17.235.51,132秒,,,1,男/male,3,1,3,2,1,,,2,1,2,1,3,1,2,1,1,2,1,,2,2,1,2,2,3,3,2,1,1,2,,1,2,3,4,1,2,2,2,1,3,3,,2,3,2,1,3,4,2,1,2,3,2,2,1,2
90,Overweight,4322a7e057e0998f,112.40.71.123,309秒,,,1,女/female,3,1,4,2,1,,,5,4,5,5,4,4,4,4,5,3,5,,4,3,4,4,4,5,4,5,5,5,4,,4,4,5,3,5,4,5,5,5,3,5,,4,3,2,1,2,1,2,1,2,2,1,2,2,1
91,Overweight,77bd35d9de2a0d48,39.144.98.15,371秒,,,1,女/female,2,1,2,3,1,,,2,2,3,4,2,3,3,4,2,2,3,,2,3,2,2,3,4,2,2,2,2,3,,2,3,3,2,3,3,3,2,2,3,3,,2,3,3,4,2,4,2,4,3,4,3,2,3,2
92,Overweight,97d1f045b69d96d0,223.104.14.44,341秒,,,1,女/female,2,1,3,2,1,,,2,2,1,2,1,1,2,2,2,1,1,,2,1,2,2,1,2,2,2,1,1,2,,4,4,5,4,5,5,4,4,5,4,4,,4,5,4,4,5,4,4,4,4,5,4,2,2,2
93,Overweight,bdfca8cd674f2407,123.232.127.122,370秒,,,1,男/male,3,1,4,2,1,,,2,3,3,4,3,4,4,4,4,5,4,,2,3,2,3,2,3,2,3,2,3,2,,4,5,3,4,5,4,4,5,4,5,4,,2,3,2,4,3,3,2,3,2,3,2,2,2,1
94,Overweight,ec115b01ce45ed87,42.90.133.142,237秒,,,1,女/female,3,1,3,2,1,,,2,3,1,2,2,1,1,1,2,3,1,,2,4,3,3,4,2,2,3,2,3,2,,2,1,2,1,4,1,2,3,2,3,2,,1,2,2,3,2,3,1,2,2,2,3,2,1,2
95,Overweight,b32c9f8b9e10056f,42.90.133.142,195秒,,,1,女/female,3,1,3,2,1,,,2,1,2,3,1,2,2,3,2,1,2,,2,3,2,1,3,1,2,2,1,2,3,,3,2,1,3,2,1,2,3,3,1,3,,2,1,2,1,3,2,2,1,2,1,1,2,1,1
96,Overweight,3e5d3010ff0bdad4,59.108.15.21,423秒,,,1,男/male,3,1,6,2,1,,,4,5,4,5,4,4,5,4,4,5,4,,3,3,4,3,3,5,3,3,5,4,5,,2,3,3,4,3,3,3,3,3,2,3,,3,3,2,3,3,4,3,3,2,4,3,2,2,1
97,Overweight,f8359ade143a0d9b,36.98.68.191,56秒,,,1,男/male,2,2,2,4,1,,,3,4,2,5,5,1,2,4,3,2,2,,4,5,2,3,4,4,2,4,4,4,1,,3,4,1,3,3,4,4,3,3,2,4,,5,4,3,4,1,4,4,5,3,4,3,3,2,2
98,Overweight,193f97fe64942ff8,117.156.214.29,250秒,,,1,男/male,3,1,3,2,1,,,2,1,2,1,2,1,2,3,2,1,1,,3,1,2,1,3,1,1,1,3,3,2,,1,2,3,2,3,1,2,1,2,1,2,,2,1,3,2,1,2,2,1,2,3,1,2,2,2
99,Overweight,d5d3db287de9db92,110.180.13.132,122秒,,,1,女/female,3,1,4,2,1,,,2,2,2,2,2,3,2,2,2,2,2,,2,2,2,3,2,2,2,2,2,2,2,,3,2,2,3,3,2,2,2,3,2,3,,2,2,2,2,1,2,1,2,2,2,2,2,2,3
100,Overweight,ba8c78a18ebcb25f,223.104.197.197,326秒,,,1,女/female,3,1,3,3,1,,,2,3,2,2,2,3,2,1,2,1,2,,2,2,2,3,2,2,2,1,2,2,2,,2,3,3,2,3,2,3,2,2,2,2,,2,2,2,2,2,2,2,3,2,2,2,2,3,3
101,Overweight,b900f990b9c0c200,220.162.28.158,484秒,,,1,男/male,2,1,6,2,1,,,2,3,3,4,2,4,3,3,4,5,3,,3,3,4,4,4,4,3,3,5,4,4,,2,2,3,2,3,2,2,4,3,4,4,,1,1,3,3,3,2,2,3,2,2,3,2,2,2
102,Overweight,65219dae622eff55,221.192.180.74,268秒,,,1,男/male,4,1,3,2,1,,,2,3,2,3,2,1,3,3,1,3,2,,2,3,2,4,2,2,1,2,2,3,3,,2,2,3,4,1,3,1,3,2,4,2,,2,2,2,3,4,2,1,4,2,3,2,2,1,2
103,Overweight,5f54e3f5f2ba256f,175.5.138.98,178秒,,,1,女/female,2,1,2,3,2,,,5,5,5,3,3,4,4,3,4,3,4,,3,4,4,3,3,3,4,4,4,3,3,,4,4,3,3,3,3,4,3,4,4,4,,5,3,3,5,4,4,4,4,4,4,3,2,3,1
104,Overweight,297f0b5435f650cc,36.98.68.191,239秒,,,2,女/female,3,1,2,3,2,,,4,4,2,5,3,3,4,5,2,4,1,,3,2,3,4,3,4,3,3,4,3,1,,4,2,2,3,5,1,3,4,4,3,1,,4,3,3,4,3,4,3,5,4,3,1,3,3,1
105,Overweight,310c9fd8e8e8322e,116.178.226.34,272秒,,,1,女/female,3,2,2,2,1,,,4,3,2,1,3,2,2,1,2,3,1,,2,2,3,3,2,3,2,4,2,2,1,,3,2,2,3,2,3,2,3,2,2,1,,2,2,1,3,2,1,2,1,2,3,1,2,2,1
106,Overweight,a2a8d4c3e736728c,183.202.24.127,35秒,,,1,女/female,3,1,1,2,1,,,2,3,1,3,2,1,2,3,1,2,2,,4,3,2,5,2,3,3,1,3,4,1,,4,4,2,4,2,3,3,3,3,4,2,,3,4,2,3,1,2,2,2,1,4,3,2,1,2
107,Overweight,cf53bd0a317dca98,223.104.246.20,138秒,,,1,女/female,3,1,3,1,1,,,2,2,3,3,2,3,2,2,2,2,3,,3,3,3,2,2,3,3,2,3,3,4,,3,4,4,4,2,4,3,3,4,4,4,,1,1,1,1,1,1,3,3,3,3,3,2,1,2
108,Overweight,377ea7af693063d6,110.250.95.27,84秒,,,1,男/male,2,2,2,3,1,,,5,5,5,1,3,4,2,4,2,5,4,,3,3,2,3,5,2,1,4,1,5,1,,3,4,2,4,3,3,2,5,2,4,5,,4,4,3,3,2,5,1,4,3,4,1,3,1,1
109,Overweight,839fbd785c31ea69,117.136.104.18,200秒,,,1,男/male,2,1,2,3,1,,,3,2,3,4,3,2,3,4,2,4,3,,3,3,4,5,3,3,4,4,2,4,4,,3,3,3,2,2,3,3,4,3,5,4,,2,2,2,2,3,4,3,2,2,4,3,3,2,2
110,Overweight,da9997e8235697c1,101.80.147.94,118秒,,,1,女/female,2,1,2,3,1,,,4,5,4,4,3,2,4,2,3,3,3,,3,3,3,5,3,5,4,5,4,3,3,,4,4,5,4,3,3,3,3,3,3,3,,3,4,1,2,4,3,4,2,4,4,3,3,2,2
111,Overweight,17559dca49756111,117.136.4.120,68秒,,,1,女/female,2,2,2,3,1,,,1,3,2,5,3,3,3,5,2,2,4,,1,3,5,2,3,1,3,5,2,5,4,,1,3,5,1,5,5,3,4,1,5,3,,1,5,5,2,4,4,2,4,3,4,4,3,2,3
112,Overweight,b1ae115ba5abc013,60.223.80.4,382秒,,,1,男/male,3,1,2,3,1,,,2,2,3,4,3,2,4,4,3,5,4,,2,3,3,3,3,2,4,5,2,3,3,,3,4,2,2,3,2,4,3,2,3,2,,4,4,5,5,4,3,4,5,3,4,4,2,3,2